,Lat,Lng,City,CityClean,Country,Temperature,Latitude,Longitude,Percent Humidity,Percent Cloudiness,Wind Speed (mph)
0,87.06266286097389,158.30375570406494,Cherskiy,cherskiy,RU,-5.18,68.75,161.3,94.0,0.0,6.31
1,-14.396816328931266,-113.91761576407882,Rikitea,rikitea,PF,78.53,-23.12,-134.97,76.0,11.0,9.26
2,30.05583588308714,105.3251329411031,Anju,anju,KP,49.55,39.62,125.66,47.0,73.0,2.06
3,-37.55901953539462,-46.400364619356395,Rio Grande,rio%20grande,BR,78.8,-32.03,-52.1,47.0,20.0,6.93
4,-64.65862083957008,151.79628119684622,Hobart,hobart,AU,42.67,-42.88,147.33,93.0,0.0,5.82
5,66.04794389404213,108.54380067270927,Aykhal,aykhal,RU,19.4,65.95,111.51,44.0,0.0,8.95
6,-38.943687045676455,31.497819280438392,East London,east%20london,ZA,71.6,-33.02,27.91,88.0,0.0,6.93
7,70.0573337895874,25.602622866832093,Karasjok,karasjok,NO,41.0,69.47,25.52,90.0,75.0,18.34
8,25.30786429528567,-93.56721849722878,Brownsville,brownsville,US,81.91,25.91,-97.49,23.0,40.0,5.82
9,-25.139872103550758,174.53501934463128,Vao,vao,EE,47.03,59.1,26.19,57.0,75.0,5.86
10,-15.5481524071742,160.2698665162397,Kirakira,kirakira,SB,79.97,-10.46,161.92,82.0,100.0,2.8
11,84.2992324801383,66.41765735067736,amderma,amderma,,,,,,,
12,34.354174049282506,89.31795309428134,Lasa,lasa,CY,59.63,34.92,32.53,72.0,40.0,11.41
13,16.138541215911815,-172.9748340309703,Kapaa,kapaa,US,76.37,22.08,-159.32,65.0,40.0,16.11
14,-57.19420000564721,-147.80983145970208,Mataura,mataura,NZ,51.01,-46.19,168.86,97.0,100.0,2.82
15,-10.698449442422302,25.66720613630207,Kambove,kambove,CD,63.23,-10.88,26.6,97.0,55.0,4.38
16,63.21829250268871,155.97250403169818,Omsukchan,omsukchan,RU,23.27,62.53,155.8,88.0,81.0,9.06
17,-76.11917343358878,168.6892438100146,Bluff,bluff,AU,66.11,-23.58,149.07,87.0,2.0,11.79
18,-55.69780994885912,20.159310806690797,Bredasdorp,bredasdorp,ZA,62.94,-34.53,20.04,68.0,63.0,16.11
19,27.963659134125137,50.70245928747204,khormuj,khormuj,,,,,,,
20,-40.25992893686405,169.92231083298003,Westport,westport,IE,57.54,53.8,-9.52,72.0,0.0,3.36
23,55.32791495330997,122.10353765950384,Yerofey Pavlovich,yerofey%20pavlovich,RU,33.53,53.97,121.97,72.0,94.0,4.07
24,74.98977390059292,46.02859654741104,belushya guba,belushya%20guba,,,,,,,
25,84.62862384115414,-32.77673501089984,illoqqortoormiut,illoqqortoormiut,,,,,,,
26,82.91018501195464,119.79528186901626,Saskylakh,saskylakh,RU,-5.72,71.97,114.09,94.0,36.0,3.27
27,-36.014924569054344,9.818119165415425,Saldanha,saldanha,PT,60.53,41.42,-6.55,61.0,88.0,14.27
28,-14.417849051757571,-66.83490312809147,Santa Rosa,santa%20rosa,AR,85.01,-36.62,-64.29,12.0,3.0,12.86
29,-50.24436400407111,71.09186795332064,Souillac,souillac,FR,70.7,45.6,-0.6,31.0,0.0,4.7
31,67.00536561692942,166.89966888047218,Bilibino,bilibino,RU,-0.5,68.06,166.44,97.0,81.0,7.07
32,-59.38321766374663,-66.77773355785249,Ushuaia,ushuaia,AR,46.4,-54.81,-68.31,81.0,75.0,34.45
33,50.0408180723218,-32.436389961895486,Lagoa,lagoa,PT,57.9,37.14,-8.45,77.0,20.0,8.05
34,38.47105178910846,11.538817964644068,Trapani,trapani,IT,59.43,38.02,12.54,82.0,0.0,4.7
35,61.786922064155135,-102.97789909130604,La Ronge,la%20ronge,CA,51.8,55.1,-105.3,62.0,75.0,8.05
37,6.445314034476738,54.54638085441343,Bandarbeyla,bandarbeyla,SO,80.69,9.49,50.81,68.0,0.0,9.86
38,9.613776952046493,-160.90326124939506,Hilo,hilo,US,72.43,19.71,-155.08,73.0,1.0,3.36
40,50.4801930103026,108.41043771905697,Krasnyy Chikoy,krasnyy%20chikoy,RU,18.77,50.36,108.75,49.0,3.0,4.07
41,89.27482077176592,94.21258589879284,Khatanga,khatanga,RU,-5.72,71.98,102.47,95.0,77.0,4.72
42,-25.754715322870794,-2.0955484663414836,Jamestown,jamestown,AU,74.03,-33.21,138.6,27.0,72.0,11.65
43,-16.011843115879287,-86.2184670252279,Hualmay,hualmay,PE,68.81,-11.1,-77.61,90.0,97.0,8.79
44,-85.1550369135338,33.95173825135592,Port Elizabeth,port%20elizabeth,US,74.62,39.31,-74.98,69.0,90.0,6.93
45,79.43325456836044,122.92814389061988,Tiksi,tiksi,RU,11.75,71.64,128.87,76.0,86.0,9.55
46,22.605077082936404,-79.04199579501292,Yaguajay,yaguajay,CU,85.19,22.33,-79.24,60.0,11.0,11.63
47,1.2006775004224863,102.32548005557254,bengkalis,bengkalis,,,,,,,
48,-19.499895248478907,-27.682524087810435,Caravelas,caravelas,BR,86.81,-17.73,-39.27,63.0,5.0,6.26
49,62.76444362513948,-172.45887222237084,Provideniya,provideniya,RU,8.69,64.42,-173.23,66.0,100.0,3.76
50,-48.908891689779196,130.13418222713398,Port Lincoln,port%20lincoln,AU,74.75,-34.72,135.86,45.0,69.0,20.58
51,-50.83087153816538,-92.14658383806089,Castro,castro,CL,55.4,-42.48,-73.76,71.0,40.0,11.41
52,-42.74822077410669,166.13898115772992,Te Anau,te%20anau,NZ,42.17,-45.41,167.72,95.0,97.0,3.22
53,70.25733218289884,-137.3549770944884,Aklavik,aklavik,CA,15.8,68.22,-135.01,78.0,90.0,4.7
54,-17.839313574515828,-32.44797850228977,Belmonte,belmonte,PT,61.0,40.36,-7.35,60.0,97.0,3.0
55,-17.882072886547377,-20.764838626249258,Georgetown,georgetown,GY,89.6,6.8,-58.16,55.0,75.0,16.11
57,73.02351051965184,-154.91061002104422,Barrow,barrow,AR,74.75,-38.31,-60.23,29.0,0.0,10.56
58,73.84057998481057,-71.72919694834656,Qaanaaq,qaanaaq,GL,-12.38,77.48,-69.36,83.0,99.0,3.09
59,75.4723495087116,-172.3505659203202,mys shmidta,mys%20shmidta,,,,,,,
60,87.40255856732105,-0.5085986023453017,barentsburg,barentsburg,,,,,,,
61,23.263890177754476,161.00522732528935,Butaritari,butaritari,KI,83.03,3.07,172.79,76.0,100.0,15.35
62,-49.01506444449838,-78.45220018023619,Coihaique,coihaique,CL,56.17,-45.58,-72.07,58.0,0.0,4.7
64,-64.01755484550732,-97.216395313903,Punta Arenas,punta%20arenas,CL,50.95,-53.16,-70.91,66.0,20.0,26.4
65,75.61333593767282,-127.0340046241173,Tuktoyaktuk,tuktoyaktuk,CA,8.6,69.44,-133.03,78.0,75.0,14.99
68,32.21974833321464,19.380123314062075,Benghazi,benghazi,LY,63.59,32.12,20.07,58.0,0.0,19.26
69,-26.33890018657037,-178.08417872421074,Vaini,vaini,IN,75.2,15.34,74.49,83.0,11.0,3.36
70,56.769545948557436,50.49014186978576,Malmyzh,malmyzh,RU,32.27,56.52,50.68,82.0,0.0,4.16
71,-14.428269629023347,21.25631495016691,Kalabo,kalabo,ZM,74.21,-15.0,22.67,62.0,65.0,4.63
72,-28.79999386928717,159.6768927414832,Byron Bay,byron%20bay,AU,67.73,-28.65,153.62,100.0,75.0,3.94
73,-35.6135507059257,18.102606185948844,Hermanus,hermanus,ZA,60.01,-34.42,19.24,98.0,81.0,1.99
74,30.688209243003413,-64.63303155698938,Hamilton,hamilton,CA,45.23,43.26,-79.87,100.0,90.0,17.22
75,-13.856276828983297,-48.44958111197943,Niquelandia,niquelandia,BR,86.09,-14.47,-48.46,57.0,30.0,2.26
76,-66.27051235428863,134.59740966807811,New Norfolk,new%20norfolk,AU,42.67,-42.78,147.06,93.0,0.0,5.82
78,-39.97500430871164,-58.26837906974926,Necochea,necochea,AR,66.0,-38.55,-58.74,61.0,0.0,5.01
80,34.42358621209719,134.62445779438747,Naruto,naruto,JP,49.84,34.18,134.62,66.0,40.0,8.05
81,78.47907061410771,135.91830221079738,nizhneyansk,nizhneyansk,,,,,,,
82,57.445145519931486,-70.44777960518297,Iqaluit,iqaluit,CA,26.31,63.75,-68.52,86.0,90.0,17.22
86,-81.07976837448177,91.02216575531457,Busselton,busselton,AU,41.32,-33.64,115.35,97.0,73.0,25.28
87,-3.3268365609997375,-71.63240401418575,Puerto Narino,puerto%20narino,CO,87.8,-3.77,-70.38,79.0,40.0,3.36
89,64.18392900894,167.05131078428172,kamenskoye,kamenskoye,,,,,,,
90,-21.809955024125713,155.03596584566964,Bundaberg,bundaberg,AU,70.34,-24.87,152.35,94.0,90.0,8.05
92,25.120921551227013,95.4276438962234,Phek,phek,IN,71.33,25.7,94.46,59.0,41.0,3.58
93,58.7501782618279,-29.17461938296239,olafsvik,olafsvik,,,,,,,
94,11.555570900969144,-63.21459649745549,La Asuncion,la%20asuncion,EC,50.99,-1.64,-78.74,96.0,100.0,3.2
95,-29.69534189862648,162.7157288242642,Noumea,noumea,NC,71.6,-22.28,166.46,94.0,75.0,3.36
96,-17.730518649817995,65.11055611360226,Quatre Cocos,quatre%20cocos,MU,77.52,-20.21,57.76,83.0,40.0,5.82
97,-23.538346521605774,164.40099448962326,Moindou,moindou,NC,71.6,-21.69,165.68,94.0,75.0,3.36
99,40.63800109378383,-134.72166410546387,Eureka,eureka,US,57.58,40.8,-124.16,93.0,90.0,16.82
100,-24.198641540273442,-168.40883796013907,Alofi,alofi,NU,75.2,-19.06,-169.92,78.0,90.0,14.99
102,81.86600596785959,-48.85429764289336,Upernavik,upernavik,GL,7.97,72.79,-56.15,69.0,1.0,6.82
105,-59.44226029305618,-1.612426534077855,Cape Town,cape%20town,ZA,60.67,-33.93,18.42,93.0,75.0,5.82
106,-9.867398936644449,-30.426892311660595,Olinda,olinda,EC,85.06,-2.03,-79.75,74.0,75.0,5.82
109,42.94097900254005,152.18902103805158,sentyabrskiy,sentyabrskiy,,,,,,,
111,-14.125518908089944,-135.32831003079013,Atuona,atuona,PF,83.57,-9.8,-139.03,72.0,30.0,10.42
114,-22.300639911505087,-154.70720389576903,Avera,avera,US,70.48,33.19,-82.53,88.0,90.0,17.22
115,-24.47177678109898,-75.32531161425327,Taltal,taltal,CL,68.45,-25.41,-70.49,61.0,0.0,8.84
116,42.045354997510685,166.29124400398752,Nikolskoye,nikolskoye,RU,49.93,59.7,30.79,43.0,0.0,11.18
117,-5.9315657674082445,-175.8736898236196,vaitupu,vaitupu,,,,,,,
120,9.379966467040617,77.68778922051843,Rajapalaiyam,rajapalaiyam,IN,82.13,9.45,77.55,65.0,97.0,3.24
124,44.624845325034414,130.87569107865994,Suifenhe,suifenhe,CN,29.39,44.39,131.16,39.0,0.0,2.26
127,37.128259945203254,-76.20046841453804,Poquoson,poquoson,US,75.38,37.12,-76.35,88.0,75.0,10.29
128,-25.934105060602533,-156.671740359011,Avarua,avarua,CK,73.4,-21.21,-159.78,73.0,98.0,11.41
130,17.947865310942788,-40.38261635593753,Ponta do Sol,ponta%20do%20sol,BR,77.09,-20.63,-46.0,53.0,0.0,6.2
131,20.688200769347134,106.58832483667743,hai phong,hai%20phong,,,,,,,
132,75.19506039591144,177.07165305564502,Leningradskiy,leningradskiy,RU,-0.86,69.38,178.42,95.0,26.0,5.14
134,-6.757500487186661,45.29036670191266,Mitsamiouli,mitsamiouli,KM,84.83,-11.38,43.28,75.0,2.0,12.46
135,88.83849265548275,-38.35256586420272,Tasiilaq,tasiilaq,GL,39.2,65.61,-37.64,81.0,75.0,5.75
138,30.864001987405032,-135.79454347894594,Half Moon Bay,half%20moon%20bay,US,69.01,37.46,-122.43,72.0,75.0,10.29
140,-4.717635408090146,33.64614647392324,Igunga,igunga,TZ,71.15,-4.28,33.88,64.0,68.0,5.79
144,-42.045375741981175,-28.332032099404103,Arraial do Cabo,arraial%20do%20cabo,BR,81.54,-22.97,-42.02,74.0,0.0,13.87
145,55.6360836279153,131.26503489140202,stoyba,stoyba,,,,,,,
147,-34.80387546182734,45.421567365137264,tsihombe,tsihombe,,,,,,,
148,70.24656859964702,170.6368541287954,Pevek,pevek,RU,9.59,69.7,170.27,92.0,100.0,13.56
149,55.521488476124205,80.38143898215446,Kargat,kargat,RU,26.87,55.19,80.28,71.0,81.0,4.56
150,-72.0767953443845,109.77710356948154,Albany,albany,US,71.96,42.65,-73.75,50.0,75.0,17.22
152,72.8481152084484,69.07558018375548,Yar-Sale,yar-sale,RU,19.31,66.83,70.83,91.0,91.0,13.24
154,16.974635594061567,152.4642979257129,Kavieng,kavieng,PG,83.57,-2.57,150.8,76.0,100.0,9.37
155,58.61639589129231,-139.6281538193702,Haines Junction,haines%20junction,CA,27.23,60.75,-137.51,46.0,49.0,7.61
156,36.4199993339661,-45.082928640881136,Torbay,torbay,CA,35.31,47.66,-52.73,64.0,90.0,17.22
157,28.476169436169258,116.07190965871052,Nanchang,nanchang,CN,65.93,28.68,115.89,85.0,54.0,2.24
158,4.531350617233215,-109.42261987122889,Lazaro Cardenas,lazaro%20cardenas,MX,76.3,28.39,-105.62,14.0,75.0,5.82
161,57.51543425728269,38.359418846995226,Uglich,uglich,RU,42.53,57.53,38.32,55.0,24.0,6.08
162,79.92977969596376,21.135381104891053,Longyearbyen,longyearbyen,NO,35.6,78.22,15.63,93.0,90.0,5.82
163,64.22465264403564,77.19515441692221,Purpe,purpe,RU,18.0,64.48,76.69,83.0,100.0,3.0
164,82.07598355725088,-106.67632096941102,Yellowknife,yellowknife,CA,30.11,62.45,-114.38,80.0,90.0,12.75
167,0.520095836668645,31.912720118245346,Mityana,mityana,UG,75.2,0.4,32.05,83.0,20.0,5.82
168,-4.584413643867052,127.89129473180662,Ambon,ambon,FR,63.95,47.55,-2.56,52.0,0.0,8.05
169,-12.114387900593414,15.652699978662497,Huambo,huambo,AO,62.87,-12.78,15.73,91.0,100.0,2.57
172,84.43364247390386,86.86162875819838,Dikson,dikson,RU,-4.82,73.51,80.55,99.0,33.0,1.83
173,-28.865531630298555,153.9350893575492,Ballina,ballina,IE,56.91,54.11,-9.15,72.0,0.0,3.36
174,-8.15963982772628,-58.38497693318902,Jacareacanga,jacareacanga,BR,91.13,-6.22,-57.76,53.0,97.0,3.67
175,18.77253166577104,135.84567327700063,Nishihara,nishihara,JP,53.33,35.74,139.53,76.0,20.0,14.99
176,-18.004104277421263,57.43940057607222,Cap Malheureux,cap%20malheureux,MU,77.72,-19.98,57.61,83.0,40.0,5.82
177,18.322342638031728,13.813970042119223,Bilma,bilma,NE,82.31,18.69,12.92,9.0,0.0,6.04
179,68.0432585658134,-80.74138354889585,Clyde River,clyde%20river,CA,-4.01,70.47,-68.59,83.0,75.0,5.82
180,52.01467269321671,-122.60401917289572,Williams Lake,williams%20lake,CA,47.57,52.13,-122.14,52.0,100.0,2.75
182,-50.65860162192266,-57.446700088305974,Rawson,rawson,AR,66.29,-43.3,-65.11,33.0,12.0,20.69
184,80.03755760226375,-46.72103204329758,Ilulissat,ilulissat,GL,19.4,69.22,-51.1,44.0,0.0,6.93
185,23.844666577129487,80.31583602468237,Murwara,murwara,IN,84.47,23.85,80.4,28.0,37.0,7.43
186,-64.8603976254271,53.751033751132695,taolanaro,taolanaro,,,,,,,
190,22.08035787111811,-80.19661271440553,Cumanayagua,cumanayagua,CU,87.8,22.15,-80.2,58.0,40.0,12.75
191,80.66426375270845,-94.48097428660269,Thompson,thompson,CA,50.0,55.74,-97.86,53.0,90.0,4.7
192,-28.0993894595223,55.23770556747397,Saint-Joseph,saint-joseph,FR,60.75,43.56,6.97,42.0,0.0,3.36
194,65.89380096138561,54.13677996304645,shchelyayur,shchelyayur,,,,,,,
196,57.03397021374954,-152.39983187497594,Kodiak,kodiak,US,60.33,39.95,-94.76,6.0,40.0,14.99
197,64.02747872463513,21.658780091723173,Mustasaari,mustasaari,FI,44.33,63.17,21.67,65.0,0.0,1.12
198,-32.0691665841915,147.90674397934004,Dubbo,dubbo,AU,60.8,-32.25,148.6,87.0,0.0,11.41
199,-14.719163152601368,-50.32044877731926,Mozarlandia,mozarlandia,BR,93.47,-14.74,-50.57,48.0,0.0,0.98
203,19.223648659141276,-80.89105352940439,Bodden Town,bodden%20town,KY,86.61,19.28,-81.25,62.0,20.0,16.11
206,51.32977958066027,-96.94994402512587,Gimli,gimli,CA,62.01,50.63,-96.99,37.0,70.0,7.0
208,65.18070854320499,3.8382834919608797,Larsnes,larsnes,NO,49.39,62.2,5.58,53.0,0.0,2.24
209,23.052935756735764,-56.09274343553406,Codrington,codrington,AU,66.92,-28.95,153.24,100.0,75.0,4.81
212,-14.922928182322536,-146.14937203496834,Tautira,tautira,PF,87.37,-17.73,-149.15,66.0,20.0,11.41
213,33.274786831983945,-4.890750683612566,mrirt,mrirt,,,,,,,
214,20.742560796937383,47.45910193088159,Riyadh,riyadh,SA,82.4,24.63,46.72,14.0,0.0,6.93
217,31.26776886872561,55.61149641882818,Bafq,bafq,IR,70.25,31.6,55.4,25.0,27.0,21.94
219,45.26138184014491,23.96801937207522,Vaideeni,vaideeni,RO,50.79,45.17,23.93,50.0,0.0,18.34
220,60.0880076932101,-4.327325762947254,Stromness,stromness,CA,45.9,42.87,-79.55,93.0,90.0,5.82
222,34.176430866305466,97.67583215241717,Xining,xining,CN,41.99,36.62,101.77,69.0,88.0,5.64
223,36.16846381512184,-151.16437209397517,Kailua,kailua,US,76.06,21.39,-157.74,78.0,75.0,6.93
225,10.341374387405537,91.6371951745839,Port Blair,port%20blair,IN,85.19,11.67,92.75,72.0,25.0,10.16
226,17.96565407703828,10.234619933507417,Agadez,agadez,NE,95.0,16.97,7.99,17.0,3.0,16.11
228,37.840406935046815,-42.34105197384747,Ribeira Grande,ribeira%20grande,PT,64.4,38.52,-28.7,88.0,75.0,3.36
230,36.45385076009096,151.01696711213145,Nemuro,nemuro,JP,35.51,43.32,145.57,72.0,53.0,9.35
231,-26.585828347489986,81.10607683185037,grand river south east,grand%20river%20south%20east,,,,,,,
232,-36.477769626653945,-73.74771096600827,Talcahuano,talcahuano,CL,57.2,-36.72,-73.12,87.0,90.0,4.7
234,-38.70781728974768,174.39029410234008,Waitara,waitara,NZ,43.0,-39.0,174.24,98.0,13.0,3.0
235,58.85735919390606,164.99100891430362,Tilichiki,tilichiki,RU,28.67,60.47,166.1,89.0,64.0,2.71
236,16.873915207663657,-126.04211906661311,Guerrero Negro,guerrero%20negro,MX,62.87,27.97,-114.04,77.0,99.0,10.85
238,12.95575724353769,68.06663976936392,Kavaratti,kavaratti,IN,84.47,10.57,72.64,74.0,85.0,12.21
239,39.20970425149406,-22.038166253293895,Vila Franca do Campo,vila%20franca%20do%20campo,PT,64.4,37.72,-25.43,88.0,75.0,5.82
240,18.95494803584637,43.78237569567216,Abha,abha,SA,67.15,18.22,42.5,77.0,20.0,6.93
242,30.088264183865135,111.6837308972631,Nanhai,nanhai,CN,65.57,30.13,111.78,72.0,89.0,7.43
243,-34.10524064542957,-23.647874977885834,Sao Joao da Barra,sao%20joao%20da%20barra,BR,84.11,-21.64,-41.05,51.0,20.0,11.41
244,53.85514832355017,70.84750031221532,Stepnyak,stepnyak,KZ,24.71,52.83,70.79,68.0,100.0,6.8
247,32.994264404415304,-114.41511387566545,Fortuna Foothills,fortuna%20foothills,US,92.44,32.66,-114.41,13.0,1.0,4.7
248,15.929502487292453,110.13961518728047,Quang Ngai,quang%20ngai,VN,78.89,15.12,108.8,67.0,74.0,3.22
250,-13.777374982172176,36.27247228815364,Cuamba,cuamba,MZ,71.69,-14.8,36.54,80.0,9.0,8.77
252,-3.9788068773485605,164.12619365717052,Auki,auki,NG,95.45,12.18,6.51,5.0,18.0,5.79
256,12.764324844945904,-111.1837060844446,San Patricio,san%20patricio,PY,92.75,-26.98,-56.83,42.0,35.0,2.84
259,7.2019360749673496,111.57830818895889,Miri,miri,NG,92.39,10.31,9.75,9.0,30.0,5.91
261,45.97945696803876,-16.805146480122687,Muros,muros,ES,63.18,42.77,-9.06,72.0,20.0,9.17
262,51.05707043773995,-123.67465025507528,Pemberton,pemberton,AU,41.83,-34.44,116.03,97.0,87.0,5.55
263,-46.171479474563654,-42.62243858028825,Chuy,chuy,UY,74.39,-33.69,-53.46,64.0,100.0,5.7
268,-13.475818388505886,-146.098743984195,Tiarei,tiarei,PF,87.37,-17.53,-149.33,66.0,20.0,11.41
269,47.229492912645725,-110.95802620590457,Great Falls,great%20falls,US,68.72,47.5,-111.29,35.0,1.0,27.51
273,44.49546692924045,-25.210739454393718,Praia da Vitoria,praia%20da%20vitoria,PT,66.96,38.73,-27.07,73.0,75.0,10.2
275,-29.469234575553976,-79.15713727988361,Coquimbo,coquimbo,CL,60.8,-29.95,-71.34,77.0,90.0,8.05
276,-0.24517951301363894,-59.77406856144775,Manaus,manaus,BR,80.28,-3.13,-59.98,83.0,75.0,4.7
278,19.156550888868153,-6.441230828750037,Araouane,araouane,ML,96.89,18.9,-3.53,8.0,0.0,7.25
280,-9.90533386985257,-151.92953970285515,Faanui,faanui,PF,84.47,-16.48,-151.75,73.0,28.0,7.99
282,30.79846192088958,-16.821248393324595,Canico,canico,PT,60.76,32.63,-16.85,59.0,40.0,9.17
285,42.37582549146842,81.9770646739288,kuche,kuche,,,,,,,
286,61.07195021647877,61.967316686137906,Pelym,pelym,RU,34.25,61.01,62.0,88.0,99.0,6.17
287,-4.356406185714405,12.109980187420177,Loandjili,loandjili,CG,82.85,-4.77,11.87,85.0,67.0,7.92
290,19.28194051352557,108.55466987420044,Lingao,lingao,CN,81.23,19.91,109.69,82.0,0.0,8.57
292,57.642100524306585,35.831526307569334,Maksatikha,maksatikha,RU,45.41,57.8,35.88,58.0,64.0,4.65
294,61.231493065409126,162.22125223646776,Ossora,ossora,RU,27.23,59.24,163.07,80.0,3.0,3.69
297,28.45746065476223,71.54979724123186,Yazman,yazman,SY,52.97,36.74,38.46,64.0,48.0,8.75
298,50.174953401082945,146.2584949368703,Vostok,vostok,RU,25.07,46.45,135.83,66.0,58.0,2.93
300,-16.007793143456425,16.48601439297019,Ondjiva,ondjiva,AO,84.11,-17.07,15.73,26.0,59.0,4.23
301,-56.990924121808845,70.92521749289767,Saint-Philippe,saint-philippe,CA,45.12,45.36,-73.48,93.0,90.0,9.17
302,29.823356097759017,-127.0912294246573,Lompoc,lompoc,US,61.27,34.64,-120.46,77.0,40.0,11.41
303,65.85358464356494,-23.98969534866086,bolungarvik,bolungarvik,,,,,,,
304,29.52861022258442,-131.89868391908252,Pacific Grove,pacific%20grove,US,69.57,36.62,-121.92,82.0,75.0,8.05
306,50.036568642827916,156.19311045868142,Severo-Kurilsk,severo-kurilsk,RU,34.61,50.68,156.12,90.0,2.0,18.92
311,1.5638362156463188,157.8320296164316,Namatanai,namatanai,PG,76.37,-3.66,152.44,90.0,83.0,3.47
314,27.76950754106356,-55.07237346398749,Saint George,saint%20george,GR,55.8,39.45,22.34,76.0,20.0,4.36
315,1.0847027557655053,91.69943978190145,Meulaboh,meulaboh,ID,85.01,4.14,96.13,73.0,100.0,13.38
316,-37.81089440344896,-58.305915829027214,Mar del Plata,mar%20del%20plata,AR,64.13,-46.43,-67.52,36.0,30.0,23.42
318,20.760586799313657,117.47018675246312,Jiazi,jiazi,CN,80.6,19.61,110.49,94.0,0.0,6.71
319,-36.80424769085619,22.143194550709694,George,george,NG,84.2,6.63,3.35,79.0,20.0,5.82
324,0.1853909169907979,-38.46168154664565,Itarema,itarema,BR,83.93,-2.92,-39.92,79.0,99.0,7.85
325,66.61127119543704,32.36909422028256,Zelenoborskiy,zelenoborskiy,RU,33.35,66.84,32.36,86.0,19.0,3.51
327,-41.69705194881453,-73.265801499119,Calbuco,calbuco,CL,55.4,-41.77,-73.13,71.0,75.0,8.05
329,73.87379073141457,-119.64067757802886,Norman Wells,norman%20wells,CA,30.2,65.28,-126.83,80.0,90.0,4.7
330,9.515837307884354,-49.213219254231205,Cayenne,cayenne,GF,82.4,4.94,-52.33,83.0,95.0,6.93
331,-5.433627937307307,108.30656495946181,Indramayu,indramayu,ID,70.61,-4.05,103.78,92.0,100.0,2.84
333,-28.633846377011565,117.54453909363315,Geraldton,geraldton,CA,53.6,49.72,-86.95,27.0,40.0,8.05
335,2.6259893424615512,-90.0066546229823,Puerto Ayora,puerto%20ayora,EC,85.33,-0.74,-90.35,66.0,20.0,16.11
338,6.744313242774993,-123.05466779965809,Cabo San Lucas,cabo%20san%20lucas,MX,83.41,22.89,-109.91,15.0,5.0,9.17
340,0.5552049437877855,113.46676394020335,Kapit,kapit,MY,73.49,2.02,112.94,94.0,96.0,0.47
342,-7.7672406124659545,33.5678933940716,Dunda,dunda,IN,61.61,30.62,78.32,67.0,42.0,4.92
343,38.5305971242461,-115.85435488286936,Elko,elko,US,68.16,40.83,-115.76,34.0,1.0,3.36
345,31.105611085765148,-100.11306720527533,San Angelo,san%20angelo,US,70.63,31.46,-100.44,30.0,1.0,6.93
346,-39.928286886069124,123.70220857743215,Esperance,esperance,TT,86.95,10.24,-61.45,55.0,40.0,19.46
347,9.647718880228311,83.8406743567441,Trincomalee,trincomalee,LK,79.43,8.58,81.23,92.0,100.0,1.86
349,-30.915117049669192,-100.52110087232404,Lebu,lebu,ET,66.2,8.96,38.73,55.0,20.0,9.17
354,-5.032249561764928,137.63798506102307,Nabire,nabire,ID,70.61,-3.36,135.5,99.0,100.0,2.19
357,-17.052099176906665,95.06936632026645,bengkulu,bengkulu,,,,,,,
359,37.42169622921443,-117.68553088609733,Ridgecrest,ridgecrest,US,82.45,35.62,-117.67,21.0,11.0,8.93
360,57.99714324406929,-128.52487010574805,Terrace,terrace,CA,42.8,54.52,-128.61,87.0,75.0,10.29
362,26.906918377841563,-106.1839285547605,Santa Barbara,santa%20barbara,US,68.43,34.42,-119.7,52.0,1.0,6.93
363,59.85805753892069,146.83110999901294,Kholodnyy,kholodnyy,RU,18.77,62.72,147.95,98.0,100.0,6.42
364,-7.976887862389248,-55.53933225119626,Alta Floresta,alta%20floresta,BR,89.33,-9.87,-56.08,57.0,65.0,4.81
366,66.61026342523297,-16.884947628652895,Husavik,husavik,CA,62.01,50.56,-96.99,37.0,53.0,7.0
367,-12.5341505205797,-82.55714612539727,Huarmey,huarmey,PE,69.53,-10.07,-78.15,88.0,77.0,13.11
369,75.06563104573124,150.12627350621352,Chokurdakh,chokurdakh,RU,2.03,70.62,147.9,85.0,0.0,6.35
372,-40.09115618374791,-80.02961077626831,Ancud,ancud,CL,55.4,-41.87,-73.83,71.0,40.0,11.41
375,-6.203219254141999,-66.35177836725224,Carauari,carauari,BR,87.71,-4.88,-66.9,77.0,84.0,1.52
377,51.11990985838912,-167.7176149976085,Bethel,bethel,US,25.25,60.79,-161.76,79.0,90.0,4.7
379,-1.0209888536031286,107.5882234438227,Manggar,manggar,ID,77.27,-2.88,108.27,93.0,100.0,1.61
380,-30.036073050755057,-63.92139998016013,Cordoba,cordoba,CO,71.69,5.59,-73.79,69.0,99.0,2.95
381,53.89727337964621,-52.95116757789944,Saint Anthony,saint%20anthony,US,63.14,43.97,-111.68,39.0,1.0,13.87
382,52.76911060202778,31.464152467498195,Krasnaya Gora,krasnaya%20gora,RU,50.0,53.01,31.6,43.0,0.0,4.47
392,54.53534284514859,-40.32495979494479,Nanortalik,nanortalik,GL,32.45,60.14,-45.24,58.0,0.0,22.01
395,67.63102072448069,39.874737225120896,Ostrovnoy,ostrovnoy,RU,32.99,68.05,39.51,93.0,96.0,7.94
396,-62.226576079795905,172.67361340292535,Kaitangata,kaitangata,NZ,52.0,-46.28,169.85,90.0,100.0,5.99
400,-18.983413099444135,50.035422560878686,andevoranto,andevoranto,,,,,,,
402,63.635034518210574,58.059625001964775,Vuktyl,vuktyl,RU,30.65,63.86,57.31,95.0,100.0,6.29
403,20.418014338579,-156.61864474438045,Kihei,kihei,US,73.17,20.76,-156.45,65.0,20.0,16.11
405,29.237133556021575,-109.55175463595131,Sahuaripa,sahuaripa,MX,92.03,29.05,-109.23,9.0,95.0,4.45
406,-23.39190908943897,178.30327586788343,Isangel,isangel,VU,80.15,-19.55,169.27,81.0,48.0,23.76
407,-12.198204218193297,-48.359081716535854,Parana,parana,BR,91.4,-7.52,-72.89,66.0,40.0,5.82
409,5.650609700572133,12.933431674167593,Tibati,tibati,CM,76.91,6.47,12.63,69.0,99.0,4.05
410,69.08442432823176,15.729610073754117,Myre,myre,SE,49.23,62.25,17.37,46.0,1.0,2.24
412,-20.95303734671873,-58.07500283613325,Fuerte Olimpo,fuerte%20olimpo,BR,98.51,-21.04,-57.87,37.0,13.0,6.24
414,51.910901692104005,-103.99231120158252,Wadena,wadena,CA,64.31,51.95,-103.8,41.0,99.0,17.31
415,69.99688828925537,-173.6817819878809,Lavrentiya,lavrentiya,RU,-4.82,65.58,-170.99,85.0,1.0,5.64
417,69.4230900502136,78.01823678631308,Tazovskiy,tazovskiy,RU,10.67,67.47,78.7,96.0,99.0,7.74
419,50.801911913885334,141.54763047461591,Aleksandrovsk-Sakhalinskiy,aleksandrovsk-sakhalinskiy,RU,33.89,50.9,142.16,95.0,89.0,1.7
422,16.126964021851535,47.1050959318454,Sayyan,sayyan,YE,74.03,15.17,44.32,58.0,82.0,4.38
424,12.122820223293303,-88.8667870590156,Puerto El Triunfo,puerto%20el%20triunfo,SV,89.6,13.27,-88.55,62.0,75.0,10.29
426,-45.947827467681286,-68.47314109790415,Comodoro Rivadavia,comodoro%20rivadavia,AR,68.0,-45.87,-67.48,34.0,0.0,9.17
427,31.710422685133977,-107.37271774014178,Puerto Palomas,puerto%20palomas,US,75.2,31.78,-107.63,16.0,1.0,12.75
428,-12.738273945731692,-73.74927048616864,Ayna,ayna,ES,43.74,38.55,-2.07,100.0,90.0,5.82
429,16.0595102798857,-52.45733052844366,Bathsheba,bathsheba,BB,84.2,13.22,-59.52,66.0,75.0,26.4
432,48.133726091459636,-71.61222525991916,hebertville,hebertville,,,,,,,
435,-9.323764741192662,130.29030816331397,nguiu,nguiu,,,,,,,
437,13.577366306763537,102.35017666848307,Sa Kaeo,sa%20kaeo,TH,83.03,13.8,102.09,76.0,96.0,3.4
438,-23.19752492933894,-50.051174356796366,Jacarezinho,jacarezinho,BR,86.27,-23.16,-49.97,36.0,0.0,1.81
443,48.49511533175692,122.95340026569153,Zalantun,zalantun,CN,43.97,48.0,122.72,19.0,100.0,11.92
445,79.62314804651055,28.983762658511125,Mehamn,mehamn,NO,37.67,71.03,27.85,73.0,17.0,14.63
447,3.71557129615546,-8.594977906558483,Harper,harper,US,70.79,30.3,-99.24,28.0,1.0,16.11
448,50.951492556735786,-15.8446543705316,Dingle,dingle,PH,76.55,11.0,122.67,72.0,18.0,5.84
450,62.73088119007622,85.42304050266051,Turukhansk,turukhansk,RU,1.31,65.8,87.96,94.0,54.0,1.3
453,54.734121934901026,107.23199043305141,Magistralnyy,magistralnyy,RU,17.51,56.17,107.45,79.0,89.0,10.85
454,-5.82121006200714,-88.8885223444556,San Cristobal,san%20cristobal,EC,62.24,-0.39,-78.55,56.0,75.0,3.36
455,27.228668682127108,109.69211630814664,Hongjiang,hongjiang,CN,65.03,27.21,109.83,98.0,63.0,3.29
458,63.66279403614979,60.406808524103326,Verkhnyaya Inta,verkhnyaya%20inta,RU,29.03,65.99,60.32,95.0,100.0,4.97
459,13.623660825776355,147.30335476482492,Airai,airai,TL,74.03,-8.93,125.41,74.0,14.0,5.91
462,42.562939004732044,-102.49577054935061,Scottsbluff,scottsbluff,US,70.7,41.87,-103.67,28.0,1.0,12.75
464,-14.995913460537722,108.80678556315416,Bambanglipuro,bambanglipuro,ID,83.03,-7.95,110.28,79.0,100.0,15.26
465,8.422084619752965,-3.5735285209477468,Tanda,tanda,IN,74.39,31.67,75.63,46.0,0.0,3.15
469,9.15621010649727,-11.18262261431579,Alikalia,alikalia,SL,88.25,9.15,-11.39,53.0,99.0,5.03
471,29.125012404299383,27.95817646859072,Marsa Matruh,marsa%20matruh,EG,60.8,31.35,27.25,63.0,20.0,11.41
477,43.029342369303805,-57.30173017746746,Saint-Pierre,saint-pierre,FR,64.24,48.95,4.24,45.0,0.0,9.17
481,-26.746442284484218,-52.99239116225779,Maravilha,maravilha,BR,82.4,-26.76,-53.17,42.0,20.0,11.41
485,64.56123958565144,100.38993290935423,Tura,tura,IN,78.35,25.52,90.21,50.0,0.0,5.17
489,45.25503343994632,-125.93203750076952,Newport,newport,GB,65.5,51.59,-3.0,42.0,65.0,6.93
491,68.32223362861299,-57.30716371086919,Kangaatsiaq,kangaatsiaq,GL,16.07,68.31,-53.46,73.0,0.0,8.43
493,68.42764613034271,-65.23921998980295,Pangnirtung,pangnirtung,CA,15.8,66.15,-65.72,85.0,90.0,10.29
494,65.87768776058104,25.89004959801349,Rovaniemi,rovaniemi,FI,41.0,66.5,25.72,48.0,0.0,3.36
497,66.93102587240477,62.76091149243874,Zapolyarnyy,zapolyarnyy,RU,35.6,69.43,30.82,80.0,37.0,14.99
500,-12.55711662678867,-37.57210059304458,Camacari,camacari,BR,86.0,-12.7,-38.32,70.0,40.0,12.75
502,60.69919188526376,132.81927731908672,Amga,amga,RU,18.05,60.89,131.98,91.0,48.0,6.22
505,67.22231458482568,154.20488576575616,Srednekolymsk,srednekolymsk,RU,5.27,67.46,153.71,87.0,54.0,6.24
507,-5.396755586625531,72.00431972399781,Hithadhoo,hithadhoo,MV,85.19,-0.6,73.08,79.0,100.0,13.11
510,29.35309196391667,39.42464330919634,sakakah,sakakah,,,,,,,
511,39.407328434482054,-121.84259238907129,Oroville,oroville,US,75.04,39.51,-121.56,28.0,1.0,4.7
512,38.94491015034396,25.319838680377103,Eresos,eresos,GR,55.4,39.17,25.93,50.0,0.0,10.04
516,18.75035506346744,57.754981851057465,Ibra,ibra,OM,86.99,22.69,58.55,18.0,0.0,3.22
517,61.93883359841382,-143.31514136740017,Fairbanks,fairbanks,US,28.6,64.84,-147.72,92.0,90.0,6.93
519,-40.93655193887756,83.27664595467161,Bambous Virieux,bambous%20virieux,MU,77.41,-20.34,57.76,83.0,40.0,5.82
521,11.339213762466827,18.107016232106105,Melfi,melfi,IT,57.2,41.0,15.66,87.0,5.0,3.36
522,75.05287599374967,90.15982050600019,Talnakh,talnakh,RU,-9.41,69.49,88.39,83.0,0.0,11.18
525,24.097053520720948,102.01102650675637,Zhoucheng,zhoucheng,CN,60.8,31.35,119.33,93.0,2.0,11.18
527,-36.654332511115065,-38.69864362983711,Laguna,laguna,MX,91.4,27.52,-110.01,16.0,75.0,11.41
529,-31.376175788828945,128.29131625942324,Flinders,flinders,AU,58.96,-34.58,150.85,100.0,40.0,6.93
531,-25.71576329244614,-45.213208273019376,Sao Sebastiao,sao%20sebastiao,BR,86.45,-3.15,-58.36,78.0,56.0,4.21
533,60.15265925780818,10.98426270297756,Ask,ask,IR,27.95,35.87,52.15,79.0,22.0,10.02
534,-6.87622742464454,-37.833329094001186,Pombal,pombal,BR,91.31,-6.77,-37.8,42.0,100.0,3.22
536,-27.621507147940378,92.98609781883903,Carnarvon,carnarvon,ZA,68.63,-30.97,22.13,10.0,84.0,12.08
539,-79.90778925831867,45.055261755508354,Port Alfred,port%20alfred,ZA,68.0,-33.59,26.89,76.0,99.0,5.99
541,17.8821724051695,124.59917238798613,Dicabisagan,dicabisagan,PH,75.29,17.08,122.42,84.0,2.0,2.71
546,67.16534427855848,0.007735598004160238,Brae,brae,GB,51.24,60.4,-1.35,58.0,2.0,21.92
550,0.5443736648377921,36.6250281498742,Rumuruti,rumuruti,KE,68.09,0.26,36.54,63.0,40.0,21.72
557,60.57987119747088,-147.30689822221265,Palmer,palmer,AU,74.34,-34.85,139.16,31.0,0.0,9.17
564,31.405428535851925,13.250661492095333,Mizdah,mizdah,LY,74.57,31.45,12.98,26.0,100.0,22.84
566,-12.146394058943656,99.78740910876098,Labuhan,labuhan,ID,75.29,-2.54,115.51,93.0,92.0,1.9
568,85.54468125621452,35.37928807005321,Vardo,vardo,US,67.24,39.62,-77.74,83.0,90.0,13.87
571,-30.66800791736462,171.82891242785695,Ahipara,ahipara,NZ,63.77,-35.17,173.16,71.0,1.0,8.12
572,-47.312205281943825,137.3502986956912,Portland,portland,US,61.03,45.52,-122.67,67.0,90.0,12.75
573,42.11518585925464,56.11143773824051,Gazanjyk,gazanjyk,TM,56.21,39.24,55.52,45.0,6.0,13.35
576,87.26633225458548,30.937402610660683,Berlevag,berlevag,NO,40.01,70.86,29.09,72.0,1.0,18.79
585,5.358582575671392,4.462226086893793,Okitipupa,okitipupa,NG,83.39,6.5,4.78,74.0,68.0,6.24
589,56.182880087333444,-132.15884422593308,Ketchikan,ketchikan,US,45.55,55.34,-131.65,75.0,75.0,3.36
590,31.39740830805816,-111.9499250705637,Caborca,caborca,MX,93.99,30.58,-111.1,13.0,80.0,3.0
591,47.79278898896675,-131.24013491204641,Port Hardy,port%20hardy,CA,50.0,50.7,-127.42,66.0,20.0,16.11
597,-16.567198269069465,118.0492464683254,Port Hedland,port%20hedland,AU,78.8,-20.31,118.58,83.0,33.0,6.93
602,-18.06706468383409,44.82652595611225,Tsiroanomandidy,tsiroanomandidy,MG,71.33,-18.77,46.05,81.0,5.0,1.57
603,-19.803608593860787,-86.55045933043363,Pisco,pisco,PE,74.95,-13.71,-76.2,30.0,0.0,10.29
604,-12.189051762568809,102.94705986878375,palabuhanratu,palabuhanratu,,,,,,,
605,-61.72232353102788,25.673830793643873,Kruisfontein,kruisfontein,ZA,62.51,-34.0,24.73,65.0,100.0,5.75
607,-45.848863403988304,157.5907205719639,Tuatapere,tuatapere,NZ,51.01,-46.13,167.69,97.0,100.0,4.81
611,22.284819323344635,-92.83256197764406,Celestun,celestun,MX,77.27,20.87,-90.4,76.0,38.0,23.0
614,52.50413003619121,143.77318087784857,Nogliki,nogliki,RU,31.91,51.8,143.14,93.0,100.0,15.64
615,37.17889898458999,96.0584300377364,Yumen,yumen,CN,55.49,40.29,97.04,37.0,100.0,5.73
616,-7.399077382313351,-53.41934662608743,Sao Felix do Xingu,sao%20felix%20do%20xingu,BR,82.13,-6.64,-51.99,88.0,99.0,4.23
620,41.99480565670228,43.243490848695956,Kharagauli,kharagauli,GE,48.2,42.01,43.2,100.0,90.0,4.7
621,48.57431253563249,97.82805650272292,Kungurtug,kungurtug,RU,13.91,50.6,97.53,48.0,20.0,4.18
626,14.686047730268982,-17.054344419829874,pout,pout,,,,,,,
627,-0.8136314629867911,-6.243083450670213,Tabou,tabou,CI,81.41,4.42,-7.36,79.0,100.0,3.69
630,41.386404258475324,70.69851342906344,naugarzan,naugarzan,,,,,,,
631,53.3069525656866,120.52471244138599,Amazar,amazar,RU,30.29,53.86,120.88,75.0,99.0,10.38
632,-6.339324358449417,122.38526237587479,Katobu,katobu,ID,76.01,-4.94,122.53,94.0,0.0,2.19
635,41.878935337887384,-96.35396766983756,Fremont,fremont,US,71.42,37.55,-121.99,72.0,75.0,10.29
636,44.793364539891314,146.99199391320172,Kurilsk,kurilsk,RU,33.89,45.23,147.88,94.0,100.0,9.33
638,44.951663600463604,-105.99063263943896,Gillette,gillette,US,68.0,44.29,-105.5,30.0,1.0,14.99
646,56.90489340936358,-108.09981264408928,Meadow Lake,meadow%20lake,CA,57.2,54.13,-108.44,35.0,75.0,13.87
647,-20.51405463747311,31.029970381689168,Masvingo,masvingo,ZW,68.27,-20.08,30.83,67.0,0.0,6.8
650,21.529550786568848,-101.1598214309254,San Diego de la Union,san%20diego%20de%20la%20union,MX,74.68,21.47,-100.87,31.0,0.0,15.68
651,35.79867548001948,41.78179056591583,Sinjar,sinjar,SY,50.99,35.59,37.0,80.0,97.0,11.74
654,21.187014479038396,79.23791859369027,kamthi,kamthi,,,,,,,
658,13.262963840376642,-125.59650794674877,Constitucion,constitucion,MX,68.77,23.99,-104.67,13.0,5.0,14.99
661,36.562012819506194,87.81528605288247,korla,korla,,,,,,,
662,22.092897859429954,124.36804866998108,Ishigaki,ishigaki,JP,77.09,24.34,124.16,84.0,100.0,14.85
663,4.83543472566177,-2.568593287127385,Axim,axim,GH,83.39,4.87,-2.24,76.0,100.0,7.25
664,47.47605678185408,29.739857749785415,Frunzivka,frunzivka,UA,47.75,47.33,29.75,56.0,96.0,7.74
667,29.85008003731187,77.00091696957259,Indri,indri,IN,78.35,29.88,77.05,36.0,0.0,4.68
672,24.659341983010947,94.597187794653,Yairipok,yairipok,IN,65.21,24.67,94.07,66.0,34.0,3.65
673,20.502678121502328,86.80255608289878,Patamundai,patamundai,IN,82.31,20.57,86.57,70.0,8.0,4.43
674,-38.069643741069946,145.23658123000416,Cranbourne,cranbourne,AU,48.54,-38.11,145.28,76.0,0.0,6.93
676,39.61265217223851,117.47513507625223,Hangu,hangu,PK,75.2,33.53,71.06,60.0,20.0,6.93
678,-27.863070671476237,14.120605872134945,Luderitz,luderitz,NA,60.8,-26.65,15.16,87.0,65.0,13.87
680,10.873899763554874,-35.397813332160496,Sao Filipe,sao%20filipe,CV,71.51,14.9,-24.5,85.0,0.0,20.56
681,66.61373494577077,176.97008615945418,Anadyr,anadyr,RU,10.22,64.73,177.51,78.0,40.0,6.71
686,24.932573888436778,-92.16251571041455,Progreso,progreso,UY,78.28,-34.68,-56.22,53.0,75.0,11.41
687,4.665130605036694,37.75370683215638,Yabelo,yabelo,ET,67.55,4.89,38.09,72.0,67.0,10.49
691,-25.663597226201787,-25.190170066023057,Vila Velha,vila%20velha,BR,83.71,-3.71,-38.6,70.0,40.0,8.05
692,-9.429943450713012,143.24185066988719,Daru,daru,SL,84.29,7.99,-10.85,71.0,100.0,6.13
694,-17.73876572013546,16.650594378153187,Eenhana,eenhana,NA,86.0,-17.48,16.34,22.0,55.0,3.36
696,13.405963255166398,57.52755703079461,Salalah,salalah,OM,82.4,17.01,54.1,74.0,40.0,6.93
699,31.592061925095066,150.16958429798768,Hasaki,hasaki,JP,48.99,35.73,140.83,71.0,40.0,12.75
702,65.84844970157468,171.78680233218813,Komsomolskiy,komsomolskiy,RU,11.57,67.55,63.78,95.0,77.0,3.87
705,23.981309662206627,-18.240035251464263,Nouadhibou,nouadhibou,MR,69.8,20.93,-17.03,64.0,42.0,21.92
720,43.48730273265062,68.88736066430315,achisay,achisay,,,,,,,
721,-14.056567669830358,-175.25693613423275,halalo,halalo,,,,,,,
723,44.46103553916964,121.01023680508803,Tongliao,tongliao,CN,54.05,43.61,122.27,16.0,100.0,15.37
727,-0.2931617818369716,100.33593474832014,Payakumbuh,payakumbuh,ID,69.35,-0.23,100.63,94.0,98.0,2.75
728,-37.58959331996143,-51.46524567168913,Rocha,rocha,UY,79.79,-34.48,-54.34,43.0,90.0,7.05
730,1.076990427536657,-54.4874298536358,Camopi,camopi,GF,80.51,3.17,-52.33,88.0,100.0,5.88
731,1.9220689956300134,60.81816859984343,Victoria,victoria,BN,78.37,5.28,115.24,94.0,75.0,4.54
736,0.8153806227150255,111.11478766579154,Sri Aman,sri%20aman,MY,73.15,1.24,111.46,100.0,98.0,1.45
743,-8.506245268366143,91.44408471942381,Padang,padang,ID,84.65,-0.92,100.36,73.0,100.0,5.06
744,61.09938805409746,159.59521408220132,Evensk,evensk,RU,27.41,61.92,159.24,85.0,81.0,2.39
745,-18.86001963541044,129.08194038922267,Kununurra,kununurra,AU,75.2,-15.77,128.74,83.0,0.0,1.12
746,11.303660045141456,-8.996596920944853,Siguiri,siguiri,GN,100.67,11.42,-9.17,20.0,58.0,4.47
751,46.86330203268818,65.48518420592714,dzhusaly,dzhusaly,,,,,,,
754,67.08448108527159,150.93977173166888,Zyryanka,zyryanka,RU,12.11,65.73,150.89,89.0,98.0,3.87
755,0.005598931212361435,2.507606671181634,Anloga,anloga,GH,86.0,5.79,0.9,79.0,20.0,10.29
757,53.435792695939625,123.01041041313937,Urusha,urusha,RU,36.95,54.05,122.9,48.0,100.0,9.26
760,44.39800404365482,-141.35399458305193,Sitka,sitka,US,64.0,37.17,-99.65,32.0,0.0,5.99
762,59.2022220947477,-8.25923010516459,stornoway,stornoway,,,,,,,
766,-44.03004131524492,142.24563960397114,Burnie,burnie,AU,55.99,-41.05,145.91,87.0,83.0,4.0
767,42.81599235039141,-75.55947639270408,Oneida,oneida,US,56.84,41.07,-90.23,35.0,1.0,25.28
772,13.043312078019383,108.62069084865618,Tuy Hoa,tuy%20hoa,VN,79.61,13.08,109.3,75.0,99.0,2.77
773,33.10555329960344,-145.95165527029548,Kahului,kahului,US,73.15,20.89,-156.47,65.0,20.0,16.11
774,21.77498758907872,77.72766323112478,Bhainsdehi,bhainsdehi,IN,80.69,21.65,77.63,26.0,0.0,5.59
776,-18.098291842752204,131.94337787807274,Katherine,katherine,AU,69.8,-14.47,132.26,88.0,18.0,5.82
777,2.062957078574655,-49.060250604169624,Amapa,amapa,HN,95.0,15.09,-87.97,44.0,75.0,11.41
780,-19.898937531232022,44.940580737755255,Miandrivazo,miandrivazo,MG,78.35,-19.53,45.46,80.0,23.0,2.37
782,28.870231472462237,137.00312803879729,Shingu,shingu,JP,42.53,33.72,135.99,87.0,0.0,4.74
783,-1.0597691534872098,86.3325341910197,Hambantota,hambantota,LK,78.8,6.12,81.12,100.0,40.0,2.24
784,24.230338102085653,-122.33871627103136,San Quintin,san%20quintin,PH,78.71,17.54,120.52,80.0,1.0,2.17
785,1.7055670212037626,21.81525227921128,Lisala,lisala,CD,74.03,2.15,21.52,95.0,100.0,5.32
789,16.010446998223898,-66.38974659417768,Santa Isabel,santa%20isabel,CO,78.8,4.71,-75.1,83.0,75.0,5.82
799,27.843465590776844,-4.359071856941057,Adrar,adrar,DZ,87.8,27.87,-0.29,9.0,0.0,24.16
800,-6.886849918378289,-44.64092162364267,Urucui,urucui,BR,89.15,-7.23,-44.56,58.0,83.0,4.92
804,-37.08034374497462,-68.63651512934503,Neuquen,neuquen,AR,75.2,-38.95,-68.06,29.0,0.0,9.17
805,22.94718503832007,137.03850870960662,Naze,naze,NG,86.0,5.43,7.07,79.0,75.0,6.93
806,27.300043166535303,93.36500693493792,Itanagar,itanagar,IN,69.53,27.1,93.63,75.0,0.0,3.42
809,-19.85481437305606,-56.68763733005939,Miranda,miranda,CO,78.8,3.25,-76.23,74.0,75.0,3.36
816,37.932441201106215,-135.38610830269582,Fortuna,fortuna,ES,55.38,38.18,-1.13,93.0,90.0,11.41
817,25.250276956438753,131.09045288613748,Nago,nago,IT,60.87,45.88,10.89,45.0,0.0,1.12
818,27.054904939083286,68.6316793753316,Bozdar,bozdar,PK,80.6,27.18,68.64,57.0,0.0,4.5
819,15.869088538954287,81.76066448596492,Narasapur,narasapur,IN,84.65,16.45,81.67,79.0,35.0,9.24
821,11.650785803364357,19.631322922095137,Am Timan,am%20timan,TD,99.05,11.04,20.28,11.0,100.0,2.57
825,60.06481886255301,17.05398446224777,Enkoping,enkoping,SE,52.14,59.64,17.08,30.0,80.0,5.82
830,8.72071026610702,-83.64139834673239,Buenos Aires,buenos%20aires,AR,82.53,-34.61,-58.44,61.0,75.0,6.93
835,58.709987958471174,-2.6464168319485566,Kirkwall,kirkwall,GB,52.2,58.98,-2.96,76.0,0.0,19.46
836,36.26940602691232,-76.57211032472452,Elizabeth City,elizabeth%20city,US,76.78,36.3,-76.22,73.0,75.0,16.67
838,-23.7022536264369,125.01735645682686,Yulara,yulara,AU,60.8,-25.24,130.99,26.0,61.0,2.24
840,29.283377881451457,29.409715819729712,el faiyum,el%20faiyum,,,,,,,
842,37.24454893521151,-94.87008683086486,Pittsburg,pittsburg,US,72.03,38.02,-121.89,50.0,1.0,4.7
845,-25.26715079073756,142.37944462375924,Mount Isa,mount%20isa,AU,69.8,-20.73,139.49,49.0,0.0,11.63
849,28.54833161288191,99.73017635749869,Xichang,xichang,CN,48.83,27.88,102.25,59.0,1.0,3.4
854,17.296581124965073,-17.938690568382214,Saint-Louis,saint-louis,CH,61.16,47.59,7.56,45.0,20.0,4.7
855,-23.46581598456936,144.47974922721045,Emerald,emerald,AU,66.11,-23.53,148.16,72.0,18.0,5.82
856,-1.3283723979803739,-78.29739220654291,Banos,banos,FR,64.94,43.74,-0.62,40.0,0.0,11.41
858,-39.641345149021966,146.55733423010525,Wonthaggi,wonthaggi,AU,51.3,-38.6,145.59,89.0,63.0,4.0
859,30.56485078255568,44.541837486252206,Baghdad,baghdad,IQ,62.6,33.3,44.38,63.0,0.0,9.17
862,-12.555786803083336,148.27984343565078,Samarai,samarai,PG,72.41,-10.62,150.67,92.0,52.0,3.87
863,44.67882275489677,-62.536728564958935,New Glasgow,new%20glasgow,CA,52.36,45.59,-62.65,95.0,100.0,5.99
867,-30.30259432846134,-43.73874829521213,Imbituba,imbituba,BR,84.2,-28.24,-48.67,42.0,0.0,5.82
869,40.75679914175299,12.143042282230738,Anzio,anzio,IT,60.31,41.45,12.63,48.0,0.0,2.24
875,34.47416377232172,0.5301125327345346,aflu,aflu,,,,,,,
879,-48.23910082167468,177.5495908666847,Christchurch,christchurch,NZ,47.44,-43.53,172.64,100.0,90.0,3.36
883,20.721890104212207,-66.02252718869869,San Juan,san%20juan,AR,68.27,-31.54,-68.53,40.0,30.0,8.12
888,24.623874276359132,43.56192825016598,Buraydah,buraydah,SA,77.0,26.33,43.97,38.0,0.0,6.93
889,32.81940957466334,8.719007556227638,duz,duz,,,,,,,
890,52.21763428302634,25.853122750526808,Pinsk,pinsk,BY,49.91,52.11,26.1,52.0,13.0,2.66
892,-11.326563243528,112.82769634706312,Ambulu,ambulu,ID,81.77,-8.35,113.61,79.0,61.0,9.1
893,26.330024352139475,63.130563064254375,Turbat,turbat,PK,83.57,26.0,63.05,40.0,0.0,8.48
894,49.82560633865248,-104.564986865314,Regina,regina,CA,73.22,50.45,-104.62,25.0,40.0,23.04
895,19.819909357104137,-93.80894700535978,Paraiso,paraiso,MX,68.81,24.01,-104.61,13.0,5.0,14.99
900,60.07833988494849,54.473994973163116,Gayny,gayny,RU,33.53,60.3,54.33,95.0,85.0,4.61
903,66.3923321383104,72.53714660865171,Staryy Nadym,staryy%20nadym,RU,21.65,65.61,72.68,91.0,99.0,13.85
904,-26.32386863325209,-62.31950551137679,Presidencia Roque Saenz Pena,presidencia%20roque%20saenz%20pena,AR,78.53,-26.79,-60.44,74.0,63.0,7.81
909,45.056141479815835,38.95856365622788,Krasnodar,krasnodar,RU,44.94,45.04,38.98,70.0,20.0,13.42
910,-17.87627482756355,29.085084439117963,Kadoma,kadoma,ZW,74.57,-18.34,29.91,57.0,89.0,4.27
912,66.31395807716655,44.026579775404144,Kamenka,kamenka,RU,46.0,53.19,44.05,22.0,0.0,2.26
915,26.58343202662489,-77.16546978461338,Marsh Harbour,marsh%20harbour,BS,77.81,26.54,-77.06,81.0,5.0,20.11
917,-27.722878396451357,65.52000107096231,Mahebourg,mahebourg,MU,77.36,-20.41,57.7,83.0,40.0,5.82
921,49.40324439905007,49.49315620612256,Aleksandrov Gay,aleksandrov%20gay,RU,42.17,50.14,48.57,36.0,0.0,7.23
923,47.06403168691713,-107.44021334142191,Billings,billings,US,76.15,45.79,-108.5,22.0,40.0,21.92
925,59.841693084002486,-51.63807355150021,Paamiut,paamiut,GL,28.85,61.99,-49.67,62.0,0.0,14.0
927,1.8903092935549353,17.535965388461847,Impfondo,impfondo,CD,76.19,1.62,18.06,81.0,100.0,1.77
928,47.456121300743405,31.74250896687252,Nova Odesa,nova%20odesa,UA,46.85,47.3,31.79,50.0,81.0,8.32
929,58.33772960020289,70.73569197564612,Ust-Ishim,ust-ishim,RU,33.17,57.69,71.17,65.0,85.0,4.05
931,25.838712717002807,91.41077964438097,Palasbari,palasbari,IN,78.8,26.14,91.55,78.0,40.0,3.42
932,-0.8928583998698514,28.977023689877882,Ntungamo,ntungamo,UG,62.51,-0.87,30.27,74.0,74.0,3.29
934,31.10269133207811,132.4440309280419,Nichinan,nichinan,JP,54.95,31.65,131.31,95.0,16.0,1.9
936,42.45900355597047,-5.153411318302176,Leon,leon,US,59.04,40.74,-93.75,49.0,40.0,13.87
943,24.384200731305697,130.86983612327208,Gushikawa,gushikawa,JP,71.38,26.35,127.87,78.0,75.0,6.93
945,7.0686124014018645,3.282356341606942,Abeokuta,abeokuta,NG,84.2,7.16,3.35,79.0,20.0,5.82
947,36.31132276607774,-13.50174455826712,Camacha,camacha,PT,62.87,33.08,-16.33,67.0,40.0,17.22
950,47.583597737765274,53.67772442496195,Makat,makat,KZ,44.87,47.65,53.35,30.0,58.0,8.12
953,-16.464976574352576,30.98052320109136,Mount Darwin,mount%20darwin,ZW,66.11,-16.77,31.58,75.0,27.0,4.25
954,-17.240208884843597,109.33887008308454,Karratha,karratha,AU,81.05,-20.74,116.85,30.0,100.0,18.37
956,78.92343811322786,23.699277617109004,Havoysund,havoysund,NO,41.0,71.0,24.66,80.0,75.0,16.11
957,52.82031976798635,116.85916239511084,Bukachacha,bukachacha,RU,22.73,52.99,116.91,38.0,29.0,18.75
970,-4.3635847265964856,12.424862523869109,loubomo,loubomo,,,,,,,
973,52.10425498055994,121.50164694740636,Genhe,genhe,CN,31.55,50.78,121.52,68.0,77.0,8.01
978,34.33950909196359,32.41406487762444,pafos,pafos,,,,,,,
979,-9.009171181574658,-44.62636300932459,Bom Jesus,bom%20jesus,BR,90.59,-9.08,-44.36,53.0,68.0,4.92
981,-21.40131983956958,-41.39066471904755,Mimoso do Sul,mimoso%20do%20sul,BR,79.25,-21.07,-41.37,77.0,20.0,5.39
984,1.6286254127972057,-163.39349314582225,samalaeulu,samalaeulu,,,,,,,
990,35.230306231101125,123.47906099225577,Yatou,yatou,CM,85.37,3.63,9.81,76.0,71.0,11.99
992,-26.06607223410284,4.891672837971754,Walvis Bay,walvis%20bay,NA,57.6,-22.95,14.51,82.0,0.0,4.7
994,-43.85944441158815,-35.1068347631014,Cidreira,cidreira,BR,79.25,-30.17,-50.22,52.0,36.0,6.96
995,36.50807558862658,104.34561708577144,Baiyin,baiyin,CN,48.2,36.55,104.13,70.0,90.0,4.47
1008,-12.965474416207769,45.16436110915026,Chirongui,chirongui,YT,82.4,-12.93,45.15,83.0,75.0,8.05
1022,40.331998426486024,22.438825393785663,Svoronos,svoronos,GR,57.58,40.27,22.47,67.0,20.0,8.05
1023,-11.486878857100436,118.96571060112649,Waingapu,waingapu,ID,74.03,-9.65,120.26,89.0,0.0,6.8
1024,59.48181473526725,126.58782910124631,Tommot,tommot,RU,23.27,58.97,126.27,78.0,99.0,4.14
1025,-12.861334712103002,62.451567798665906,Grand Gaube,grand%20gaube,MU,77.72,-20.01,57.66,83.0,40.0,5.82
1026,-4.675212216817172,-44.97952110087152,Pocao de Pedras,pocao%20de%20pedras,BR,83.21,-4.67,-44.85,90.0,100.0,3.38
1028,-24.446984090534983,158.61016591663895,Hervey Bay,hervey%20bay,AU,70.32,-25.3,152.85,94.0,90.0,8.05
1029,40.66413235097258,36.624953000614795,Erbaa,erbaa,TR,46.22,40.67,36.56,70.0,75.0,13.87
1030,10.217894710007926,-103.59558268484255,Acapulco,acapulco,MX,82.4,16.86,-99.88,65.0,40.0,9.17
1036,64.24927775408321,-164.71782864077528,Nome,nome,US,71.01,30.04,-94.42,37.0,40.0,20.8
1037,-4.6455784317168565,-169.2182839236011,saleaula,saleaula,,,,,,,
1051,65.85433099204346,14.39501583376304,Mo i Rana,mo%20i%20rana,NO,41.0,66.32,14.15,90.0,95.0,3.47
1053,63.99785304337817,-131.39404568023406,Mayo,mayo,CA,39.2,63.59,-135.9,64.0,90.0,3.36
1054,15.487330610008485,81.10070400671856,Avanigadda,avanigadda,IN,85.55,16.02,80.92,76.0,66.0,13.02
1060,62.97520307808176,131.02323246038486,Borogontsy,borogontsy,RU,17.51,62.67,131.17,91.0,37.0,8.52
1061,20.203696873979382,32.93144506148644,Marawi,marawi,PH,75.99,8.0,124.29,90.0,25.0,3.0
1067,-24.082984086762693,-77.47986450632104,Antofagasta,antofagasta,CL,68.0,-23.65,-70.4,56.0,20.0,11.41
1069,51.49098742379593,120.33350391075845,Nerchinskiy Zavod,nerchinskiy%20zavod,RU,29.03,51.31,119.61,46.0,99.0,13.58
1070,63.453856203485685,126.48844507253693,Sangar,sangar,RU,22.73,63.92,127.47,78.0,68.0,15.75
1073,46.14462900944568,34.04289544031366,Voyinka,voyinka,UA,41.99,45.87,33.99,68.0,100.0,5.26
1074,-15.230428163237178,144.09611103734682,Mareeba,mareeba,AU,70.93,-16.99,145.42,83.0,40.0,10.29
1077,50.54185410120206,28.219595522572064,Dovbysh,dovbysh,UA,49.37,50.37,27.99,60.0,90.0,5.23
1078,32.077076070106145,-93.47583843725234,Natchitoches,natchitoches,US,61.16,31.76,-93.09,52.0,40.0,23.04
1080,-3.3713712708369314,9.483832842882805,Gamba,gamba,CN,23.45,28.28,88.52,47.0,1.0,6.96
1083,10.943685463580337,99.09427444814679,Chumphon,chumphon,TH,78.89,10.5,99.18,90.0,83.0,2.98
1086,49.68920384333589,60.51317381720912,svetlyy,svetlyy,,,,,,,
1088,30.707961061448927,69.53867978550474,Zhob,zhob,PK,64.85,31.34,69.45,38.0,68.0,2.59
1090,41.38239674699878,6.2734115408135835,Hyeres,hyeres,FR,62.04,43.12,6.14,55.0,0.0,8.05
1091,8.823717574133767,-0.5900477533504898,Salaga,salaga,GH,100.49,8.55,-0.52,24.0,100.0,7.56
1094,-16.4390041852935,26.56158765088142,Choma,choma,ZM,67.19,-16.81,26.98,85.0,100.0,5.53
1096,40.96821776574021,79.22812145244706,Aksu,aksu,KZ,32.0,52.04,76.93,50.0,90.0,6.71
1107,-0.9301303891656261,82.30588990284082,Matara,matara,PE,53.6,-13.74,-72.9,66.0,75.0,7.9
1114,-5.148780171041636,148.32440226077466,Finschhafen,finschhafen,PG,66.83,-6.6,147.85,86.0,46.0,2.84
1115,9.138840044412504,-68.84971949999058,Villa Bruzual,villa%20bruzual,VE,82.13,9.33,-69.12,58.0,98.0,3.53
1118,45.86050534724981,65.78708627268142,tasbuget,tasbuget,,,,,,,
1119,-45.9555111338834,41.79297247650973,umzimvubu,umzimvubu,,,,,,,
1122,-38.820030546478264,153.59171572266644,Batemans Bay,batemans%20bay,AU,57.76,-35.71,150.18,95.0,51.0,2.35
1123,-18.712830787790523,-148.87589966012112,Teahupoo,teahupoo,PF,87.39,-17.83,-149.27,66.0,20.0,11.41
1124,4.178156539417785,-51.29557817416301,Saint-Georges,saint-georges,CA,50.38,46.12,-70.67,97.0,100.0,3.0
1126,-32.35903057368886,36.93323055145305,Richards Bay,richards%20bay,ZA,77.81,-28.77,32.06,80.0,0.0,26.93
1127,49.713120403372045,45.1469088343886,Antipovka,antipovka,RU,40.19,49.83,45.31,43.0,59.0,4.72
1128,83.59243857605222,-59.55657591699445,Narsaq,narsaq,GL,37.31,60.91,-46.05,40.0,0.0,19.64
1138,27.611506935492997,71.33760854314966,Jaisalmer,jaisalmer,IN,88.43,26.91,70.91,21.0,0.0,3.85
1141,-19.335337137557246,153.72847585689038,Yeppoon,yeppoon,AU,68.0,-23.13,150.74,88.0,36.0,4.7
1144,-34.62678874523395,150.486030405843,Moss Vale,moss%20vale,AU,59.72,-34.55,150.37,100.0,40.0,6.93
1145,21.90919461078454,148.6750982909927,Katsuura,katsuura,JP,51.76,33.93,134.5,66.0,40.0,8.05
1147,26.42169547190342,-67.58097678021363,Cockburn Town,cockburn%20town,TC,78.71,21.46,-71.14,75.0,4.0,20.49
1153,12.639881784159641,9.856038564125043,Hadejia,hadejia,NG,91.85,12.45,10.04,9.0,76.0,5.82
1155,54.299964300655176,129.0017453048053,Zeya,zeya,RU,24.89,53.74,127.27,50.0,96.0,7.09
1161,15.324085183124168,150.35866721710715,Lorengau,lorengau,PG,76.55,-2.02,147.27,92.0,100.0,2.06
1165,12.979838112522117,30.35398065895137,Bara,bara,NG,92.93,10.41,10.6,9.0,3.0,5.68
1167,64.64969049891658,44.906979169880714,Karpogory,karpogory,RU,33.71,64.0,44.44,93.0,98.0,5.44
1177,8.794678930548898,7.178674402573677,Suleja,suleja,NG,93.2,9.18,7.18,38.0,20.0,6.93
1178,15.017141705565535,-1.7373103824842246,Djibo,djibo,BF,102.83,14.1,-1.63,17.0,79.0,7.09
1185,0.615623592019034,50.12702723440941,Mogadishu,mogadishu,SO,83.21,2.04,45.34,72.0,7.0,12.44
1186,4.759908962755091,29.097649431410503,maridi,maridi,,,,,,,
1187,-12.078593991890244,-149.2995632504078,Fare,fare,PF,84.29,-16.7,-151.02,76.0,30.0,9.78
1189,6.962237496908372,63.02427690688023,Kulhudhuffushi,kulhudhuffushi,MV,85.73,6.62,73.07,75.0,94.0,10.31
1192,-6.428462211921257,7.471111697676264,Mayumba,mayumba,GA,83.03,-3.44,10.65,83.0,78.0,7.83
1194,27.064036923339728,115.42104954992516,Jian,jian,IN,86.45,25.65,87.89,25.0,0.0,6.44
1198,-34.452552619071945,138.81879972614684,Gawler,gawler,AU,74.35,-34.6,138.75,31.0,0.0,9.17
1206,68.32687777207605,88.84630456660403,Snezhnogorsk,snezhnogorsk,RU,32.0,69.19,33.23,86.0,0.0,2.24
1207,-30.488907462226194,152.2479501191417,Armidale,armidale,AU,55.99,-30.51,151.67,80.0,28.0,5.01
1208,41.894947486337486,-78.19271197582944,Olean,olean,US,65.34,42.08,-78.43,93.0,90.0,13.87
1213,13.161639735345645,-21.36002677949662,Vila do Maio,vila%20do%20maio,CV,78.8,15.13,-23.22,54.0,40.0,23.04
1221,-36.717773669104474,147.0519032299091,Wodonga,wodonga,AU,51.85,-36.12,146.89,87.0,10.0,6.33
1225,60.455918488373925,74.54510310586423,Lokosovo,lokosovo,RU,31.37,61.13,74.84,94.0,100.0,10.58
1229,10.341682430749032,-93.97519953393636,Champerico,champerico,MX,86.0,16.38,-93.6,37.0,40.0,26.4
1236,-14.062200912205185,-33.60608765396657,Conde,conde,BR,89.51,-11.81,-37.61,54.0,98.0,6.55
1237,46.06146258698476,-104.46121662761318,Glendive,glendive,US,72.54,47.11,-104.71,28.0,1.0,17.22
1247,35.15539553215386,70.77419350733382,Nuristan,nuristan,UZ,59.0,38.49,65.64,87.0,75.0,13.87
1249,15.402348747529658,43.152752668130574,Bajil,bajil,ES,45.05,38.23,-2.07,83.0,99.0,9.19
1256,34.60197785284328,9.883715381991806,sidi bu zayd,sidi%20bu%20zayd,,,,,,,
1259,29.552264752933496,-107.32551662188055,San Buenaventura,san%20buenaventura,MX,78.53,27.06,-101.55,18.0,16.0,6.55
1261,-6.28219474191134,-161.46552955869424,samusu,samusu,,,,,,,
1264,-17.10170413995577,-175.43358323353365,hihifo,hihifo,,,,,,,
1268,-12.544875290040409,138.89330005314417,Nhulunbuy,nhulunbuy,AU,75.2,-12.18,136.78,83.0,19.0,5.82
1269,35.52557083276987,-110.98618717094446,Winslow,winslow,GB,65.26,51.94,-0.88,48.0,0.0,4.7
1271,40.351773567544626,92.98360374295714,Hami,hami,CN,66.65,42.84,93.51,21.0,0.0,7.34
1280,54.095773045222415,-129.45640086319912,Kitimat,kitimat,CA,42.8,54.02,-128.69,87.0,75.0,10.29
1281,-0.1904555500660905,32.52619667544667,Entebbe,entebbe,UG,75.2,0.06,32.45,83.0,20.0,5.82
1290,-25.108340558849974,17.880129086474767,Mariental,mariental,DE,62.67,52.28,10.99,29.0,0.0,4.7
1303,62.33942711735716,14.19868575015235,Ostersund,ostersund,SE,45.63,63.18,14.64,39.0,43.0,2.24
1307,39.29149909842408,8.046468568704796,Iglesias,iglesias,ES,55.35,42.3,-3.99,66.0,0.0,25.28
1308,-18.893327959514536,53.68783466025192,Le Port,le%20port,FR,57.22,42.87,1.37,47.0,76.0,1.61
1310,-17.91669028144743,-71.27687903765438,Ilo,ilo,PE,73.4,-17.65,-71.34,69.0,0.0,9.17
1317,32.65260706065031,-101.44691072188715,Big Spring,big%20spring,US,69.22,32.25,-101.48,26.0,0.0,3.36
1318,-14.492258449946505,6.095860659136434,Namibe,namibe,AO,76.01,-15.19,12.15,74.0,24.0,12.19
1319,20.195625754146263,128.18040030856804,Hirara,hirara,JP,75.65,24.8,125.28,86.0,100.0,20.0
1320,47.21926461063276,10.759589256429194,Imst,imst,AT,54.36,47.24,10.74,38.0,0.0,4.7
1327,-21.858145350317017,-59.092738411010416,Filadelfia,filadelfia,PY,93.83,-22.35,-60.04,46.0,71.0,9.42
1334,66.10482735842521,-54.67742169365988,Sisimiut,sisimiut,GL,24.35,66.94,-53.67,41.0,0.0,4.99
1345,17.22291825502745,69.14487680161702,Veraval,veraval,FR,63.82,49.65,0.71,49.0,0.0,5.82
1346,52.853480005355124,-61.86810400676936,Havre-Saint-Pierre,havre-saint-pierre,CA,37.4,50.23,-63.6,86.0,90.0,5.82
1347,37.58003674119517,-85.31465922000011,Campbellsville,campbellsville,US,47.41,37.34,-85.34,100.0,90.0,6.93
1348,37.67364838813698,63.65342610765731,Sayat,sayat,TM,55.4,38.78,63.88,87.0,90.0,18.34
1355,59.19629771987522,-60.38545749511866,Saint-Augustin,saint-augustin,FR,67.75,44.83,-0.61,40.0,0.0,5.82
1357,44.01320392166559,133.85291721238917,Chuguyevka,chuguyevka,RU,31.37,44.17,133.87,37.0,0.0,2.08
1358,4.228734800777744,-10.098317356006277,Buchanan,buchanan,LR,80.6,5.88,-10.05,83.0,75.0,3.36
1360,74.16983374951187,19.50726684082042,Skjervoy,skjervoy,NO,41.81,70.03,20.97,89.0,100.0,12.44
1368,28.263084332008475,124.33812925619276,Shenjiamen,shenjiamen,CN,64.31,29.96,122.3,90.0,10.0,12.57
1371,18.741476736542438,-65.23303756345632,Culebra,culebra,US,66.52,34.68,-105.77,18.0,1.0,6.93
1377,37.18745710957349,38.257058740934355,Suruc,suruc,TR,44.89,36.98,38.42,93.0,75.0,1.12
1378,59.50387488031086,25.796580824235434,Loksa,loksa,EE,46.98,59.58,25.72,61.0,0.0,8.05
1380,33.720667545221644,-74.48198275958153,Havelock,havelock,US,76.55,34.88,-76.9,100.0,90.0,20.8
1382,-13.800164889460206,-60.67693625168883,Vilhena,vilhena,BR,86.0,-12.74,-60.15,70.0,40.0,10.29
1393,-12.468921091797924,11.49827350572454,Benguela,benguela,AO,80.33,-12.58,13.4,83.0,85.0,13.6
1396,18.5039694259861,-94.43575047213604,Coatzacoalcos,coatzacoalcos,MX,80.6,18.14,-94.45,61.0,40.0,17.22
1399,15.679349974138944,3.4574263592639625,Filingue,filingue,NE,97.97,14.35,3.32,5.0,26.0,8.3
1407,33.047806004827436,-8.114777473686559,azimur,azimur,,,,,,,
1409,38.96202857858512,72.61626165073207,karakendzha,karakendzha,,,,,,,
1410,63.9799124392932,-86.5348293389609,attawapiskat,attawapiskat,,,,,,,
1417,-19.18827253769092,19.970529831469122,Rundu,rundu,NA,80.6,-17.91,19.77,22.0,46.0,3.36
1418,-34.196544659800345,150.67531896860328,Wollongong,wollongong,AU,58.89,-34.42,150.89,100.0,40.0,6.93
1420,65.64601561883316,124.1891102448007,Zhigansk,zhigansk,RU,10.13,66.77,123.37,72.0,11.0,5.88
1425,20.585977904583075,96.73456519694798,Taunggyi,taunggyi,MM,73.49,20.78,97.03,47.0,0.0,0.98
1428,40.69595465375221,-84.60338701487188,Celina,celina,US,45.59,40.55,-84.57,100.0,90.0,17.22
1441,38.38770228024973,42.700860663627395,Adilcevaz,adilcevaz,TR,34.57,38.8,42.73,80.0,75.0,1.12
1451,-11.992843190779269,-63.509280935421,Rodrigues Alves,rodrigues%20alves,BR,91.4,-7.74,-72.65,66.0,40.0,5.82
1453,49.76155283780281,114.68010392378977,Nizhniy Tsasuchey,nizhniy%20tsasuchey,RU,28.13,50.52,115.13,35.0,7.0,20.4
1454,34.52948915561488,-103.02079813011208,Clovis,clovis,US,79.21,36.83,-119.7,36.0,1.0,4.7
1458,-27.448678906819744,151.36868764768752,Dalby,dalby,AU,64.63,-27.18,151.26,93.0,40.0,14.99
1461,5.168071272771854,-3.8680600866771897,Bingerville,bingerville,CI,84.2,5.36,-3.89,83.0,40.0,8.05
1467,-4.954690802993667,23.253695062232907,Lusambo,lusambo,CD,79.43,-4.97,23.44,57.0,97.0,2.15
1469,31.133356848450646,-77.66107383432191,Mount Pleasant,mount%20pleasant,US,63.54,33.16,-94.97,42.0,1.0,14.99
1471,46.137565251906835,-64.90050423015215,Moncton,moncton,CA,59.88,46.1,-64.8,77.0,75.0,20.8
1472,63.46311493536456,69.14966371601557,Oktyabrskoye,oktyabrskoye,RU,26.89,56.73,85.44,73.0,0.0,6.71
1473,71.2423990483087,-5.427061481001601,Klaksvik,klaksvik,FO,48.2,62.23,-6.59,87.0,79.0,11.41
1480,-4.805647325027508,173.8415235644958,lolua,lolua,,,,,,,
1482,-29.147792876983885,-61.87131214476685,Rafaela,rafaela,AR,86.04,-31.25,-61.49,44.0,100.0,1.99
1483,-1.695576566340577,159.9644546027376,Kieta,kieta,PG,82.49,-6.22,155.63,75.0,100.0,5.08
1497,42.70994386605523,-87.2829969411616,Racine,racine,US,50.56,42.73,-87.78,45.0,5.0,13.87
1500,-6.493445394254053,154.6169945935797,Panguna,panguna,PG,81.23,-6.32,155.48,82.0,98.0,5.48
1509,49.95408586447542,88.7613652514986,Kosh-Agach,kosh-agach,RU,30.29,49.99,88.66,52.0,91.0,3.56
1517,4.0085369023240816,49.22642775585294,Hobyo,hobyo,SO,83.75,5.35,48.53,71.0,24.0,11.27
1519,-23.25396674768082,44.3474027305742,Sakaraha,sakaraha,MG,73.85,-22.91,44.53,73.0,25.0,6.82
1520,42.64595129066751,42.33469162528607,Martvili,martvili,GE,48.2,42.41,42.38,100.0,90.0,4.7
1526,-18.112230967429966,-72.97202532708855,Mollendo,mollendo,PE,68.99,-17.03,-72.02,83.0,99.0,11.63
1530,33.697911915502246,57.123419202456546,Tabas,tabas,IR,84.2,33.6,56.92,20.0,99.0,6.93
1531,26.267945449817233,-112.81478495123068,Mulege,mulege,MX,78.53,26.88,-111.98,38.0,98.0,7.47
1532,66.91068585780386,-177.8261829641979,Egvekinot,egvekinot,RU,0.77,66.32,-179.17,89.0,100.0,9.35
1535,67.14733537192066,-48.53241348357011,Qasigiannguit,qasigiannguit,GL,19.4,68.82,-51.19,44.0,0.0,6.93
1545,46.16376653590251,71.38627263353678,saryshagan,saryshagan,,,,,,,
1546,43.25826713526362,-64.69701705991518,Liverpool,liverpool,GB,65.37,53.41,-2.98,45.0,0.0,5.82
1547,63.848238542987104,-44.03619041265648,Qaqortoq,qaqortoq,GL,37.31,60.72,-46.03,40.0,0.0,19.64
1549,23.234282164120145,25.337417402068922,Jalu,jalu,LY,74.57,29.03,21.55,24.0,0.0,8.99
1551,-19.086526787191445,-172.0154870405423,Neiafu,neiafu,TO,78.8,-18.65,-173.98,78.0,40.0,13.87
1556,23.80433328191961,109.33476402856593,Laibin,laibin,CN,74.03,23.74,109.23,94.0,16.0,3.18
1564,1.998955259108996,-24.09599063630361,Bubaque,bubaque,GW,78.71,11.28,-15.83,72.0,8.0,14.16
1569,43.60752461489088,-99.29078987175035,Mitchell,mitchell,US,59.38,43.71,-98.03,41.0,1.0,9.17
1570,39.30559103011413,-84.40071198291203,Sharonville,sharonville,US,48.22,39.27,-84.41,87.0,90.0,10.29
1572,11.989228572580728,-50.439747296168775,Sinnamary,sinnamary,GF,82.31,5.38,-52.96,78.0,42.0,15.68
1575,48.85332574789274,141.54234594596096,Uglegorsk,uglegorsk,RU,31.37,49.08,142.06,81.0,2.0,4.36
1576,19.50976904622364,-15.531890344730243,Nouakchott,nouakchott,MR,77.0,18.08,-15.98,53.0,0.0,21.92
1583,28.160829991661387,68.33516381663233,Jacobabad,jacobabad,PK,88.07,28.29,68.44,24.0,0.0,4.61
1588,-3.8438283277987466,105.70101261194202,Palembang,palembang,ID,76.73,-2.99,104.76,93.0,100.0,2.44
1589,-18.78485548011352,27.29859141721829,Hwange,hwange,ZW,71.87,-18.35,26.5,61.0,9.0,4.12
1597,5.205311309962639,68.02382816266794,Ugoofaaru,ugoofaaru,MV,83.75,5.67,73.0,73.0,100.0,6.44
1598,58.90428197371736,121.87449672136734,Khani,khani,GE,48.2,41.96,42.96,100.0,90.0,4.7
1602,40.821570634406555,140.96114934396076,Towada,towada,JP,40.08,40.61,141.21,41.0,20.0,6.93
1605,67.57323652809075,7.0262378149234905,Sistranda,sistranda,NO,51.01,63.73,8.83,53.0,0.0,1.12
1609,40.21624916597182,-8.674231223261756,Arazede,arazede,PT,61.56,40.28,-8.65,77.0,40.0,8.05
1613,38.12398272625697,-88.73490560835992,Mount Vernon,mount%20vernon,US,73.51,40.91,-73.84,54.0,75.0,17.22
1617,-28.948401174357073,135.90807511841217,Port Augusta,port%20augusta,AU,67.01,-32.49,137.76,36.0,59.0,4.7
1626,-3.1037708268102193,38.272047409351785,Wundanyi,wundanyi,KE,72.05,-3.4,38.37,83.0,16.0,12.46
1628,21.543722479922167,-62.9091559662256,The Valley,the%20valley,AI,82.63,18.22,-63.06,57.0,20.0,18.34
1640,29.82737530502645,52.17480767323448,Shiraz,shiraz,IR,62.91,29.61,52.54,36.0,40.0,6.93
1643,23.425740650341098,111.18033300119271,Wuzhou,wuzhou,CN,72.95,23.48,111.3,97.0,25.0,4.09
1663,45.03694911248229,-21.93252471074308,Rabo de Peixe,rabo%20de%20peixe,PT,64.4,37.8,-25.58,88.0,75.0,5.82
1670,43.54766892646114,-66.69364758070633,Yarmouth,yarmouth,GB,66.47,50.71,-1.5,40.0,0.0,4.7
1672,47.59990269510217,-116.86098869362377,Post Falls,post%20falls,US,62.58,47.71,-116.95,77.0,75.0,8.05
1676,38.57562738292722,-110.44945869097528,Price,price,US,65.73,39.6,-110.81,23.0,1.0,4.7
1679,51.618928244734235,52.49944448744378,Tashla,tashla,RU,39.2,53.71,49.75,29.0,0.0,4.47
1681,74.93212978203951,22.34445404989586,Hammerfest,hammerfest,NO,41.0,70.66,23.68,80.0,75.0,16.11
1682,1.9914587012461027,16.777079962250326,Ouesso,ouesso,CG,76.01,1.61,16.05,85.0,87.0,1.81
1685,1.4123458925171093,71.33017429884092,Thinadhoo,thinadhoo,MV,85.19,0.53,72.93,74.0,100.0,13.76
1687,39.064030852054174,53.98274472698046,Balkanabat,balkanabat,TM,56.57,39.51,54.36,52.0,49.0,4.27
1689,32.22806461913662,25.166390237830086,bardiyah,bardiyah,,,,,,,
1692,-0.5355981656799571,34.59784376292532,Oyugis,oyugis,KE,78.8,-0.51,34.73,65.0,0.0,4.7
1694,66.83997549976323,88.26666361317126,Svetlogorsk,svetlogorsk,RU,28.4,53.14,59.15,54.0,21.0,6.71
1702,-9.593978526408335,156.2039599121253,Gizo,gizo,IL,56.59,31.8,34.94,59.0,20.0,10.29
1703,59.33412576599795,-14.36587524683182,Hofn,hofn,IS,38.21,64.25,-15.21,99.0,100.0,19.55
1704,44.44480091894218,-53.74627417622071,Marystown,marystown,CA,35.01,47.17,-55.16,100.0,100.0,17.31
1709,30.025190780459027,8.013260669373636,warqla,warqla,,,,,,,
1710,-21.330604966463255,16.975903379515103,Okahandja,okahandja,NA,69.44,-21.98,16.91,52.0,68.0,1.12
1712,54.604436254805506,31.291602701775076,Krasnyy,krasnyy,RU,43.07,53.81,40.7,41.0,46.0,3.06
1713,48.505924936549405,72.46554042803004,Atasu,atasu,KZ,38.21,48.68,71.64,98.0,88.0,9.73
1714,-32.00571801708383,-76.38621227325427,Valparaiso,valparaiso,US,43.92,41.47,-87.06,75.0,90.0,14.99
1715,55.711468489066505,-77.35899019010841,Moose Factory,moose%20factory,CA,46.4,51.26,-80.61,52.0,1.0,9.17
1717,-18.844383595435986,-89.26873351619582,Lima,lima,PE,73.22,-12.06,-77.04,73.0,0.0,6.93
1720,18.934341303314312,22.918345135859624,Faya,faya,SA,67.14,18.39,42.45,77.0,20.0,6.93
1723,5.985063638428485,25.05156829184378,Zemio,zemio,CF,78.53,5.02,25.13,67.0,76.0,3.71
1724,55.9609235288404,97.79150149555124,Biryusinsk,biryusinsk,RU,23.09,55.96,97.82,60.0,1.0,6.87
1726,59.12187750047312,-117.10556087375699,High Level,high%20level,CA,55.4,58.52,-117.13,24.0,40.0,13.87
1731,6.4810822346676105,-77.36629231450021,Mutis,mutis,CO,81.95,6.23,-77.4,78.0,95.0,7.83
1735,31.766666830727814,102.62001157931667,Tianpeng,tianpeng,CN,68.09,28.88,112.34,77.0,11.0,10.65
1736,4.455425161497942,30.980116447969095,yei,yei,,,,,,,
1737,-18.205613142864536,-76.39293283934671,marcona,marcona,,,,,,,
1743,-16.768420167740246,179.98792066719363,asau,asau,,,,,,,
1746,52.799277514134246,161.26792204611593,Petropavlovsk-Kamchatskiy,petropavlovsk-kamchatskiy,RU,30.2,53.05,158.65,86.0,75.0,4.47
1752,43.867232270060356,-89.45427814687147,Portage,portage,US,45.0,42.2,-85.58,93.0,90.0,8.05
1754,56.76034953790443,-8.354266915801759,Carndonagh,carndonagh,IE,68.0,55.25,-7.27,64.0,99.0,6.93
1760,-3.581123323251589,32.49243503828336,Kahama,kahama,TZ,71.51,-3.83,32.6,68.0,78.0,3.09
1765,66.1762340512187,-150.64676539682193,College,college,US,28.72,64.86,-147.8,86.0,90.0,5.82
1766,42.27260186891087,8.461837097030411,Ajaccio,ajaccio,FR,59.4,41.93,8.74,48.0,0.0,2.15
1773,47.7915546798946,104.72596304639296,Erdenet,erdenet,MN,24.53,49.03,104.04,28.0,0.0,1.52
1775,-31.80637543756849,173.29865831467362,Kaeo,kaeo,NZ,57.0,-35.1,173.78,91.0,38.0,8.03
1779,-7.232156412760645,-67.21741849496287,Pauini,pauini,BR,93.65,-7.71,-67.0,46.0,71.0,2.64
1783,48.67218396493806,45.48154605581112,kapustin yar-1,kapustin%20yar-1,,,,,,,
1789,-15.49524007025785,18.878440050821354,Menongue,menongue,AO,67.37,-14.66,17.68,77.0,90.0,4.76
1804,-12.085307483144135,133.73832421812477,Maningrida,maningrida,AU,75.47,-12.05,134.23,84.0,22.0,8.43
1805,0.21953351601196402,6.048415258655865,Port-Gentil,port-gentil,GA,80.6,-0.72,8.78,94.0,20.0,11.41
1809,35.41640056086774,80.34940648448111,Leh,leh,IN,20.21,34.16,77.58,32.0,0.0,4.88
1811,9.142372346971158,85.90991890570933,Kalmunai,kalmunai,LK,77.99,7.42,81.82,88.0,100.0,4.81
1815,-0.9662280309625686,-51.97409873568728,gurupa,gurupa,,,,,,,
1817,60.86723686634238,103.45128275802313,Vanavara,vanavara,RU,18.41,60.35,102.28,81.0,100.0,14.79
1819,-16.903340632721438,167.89500245768363,Lakatoro,lakatoro,VU,83.21,-16.11,167.42,76.0,69.0,10.47
1822,63.52009148939874,40.557707592349345,Samoded,samoded,RU,37.49,63.61,40.52,99.0,100.0,4.59
1826,40.1224106162891,60.48529538211764,Hazorasp,hazorasp,UZ,48.2,41.32,61.08,66.0,0.0,11.41
1830,66.79955836866742,34.50978128020691,Umba,umba,RU,32.99,66.69,34.34,90.0,40.0,4.85
1831,50.455089685206104,53.77462388013544,Chingirlau,chingirlau,KZ,38.57,51.09,54.08,37.0,0.0,7.45
1833,5.096604268153129,39.09651048522147,Shakiso,shakiso,ET,58.01,5.77,38.9,90.0,74.0,4.07
1836,-22.830294747859483,31.752428039642666,Giyani,giyani,ZA,73.49,-23.32,30.73,59.0,0.0,2.44
1843,-29.614513410523678,16.692273662644737,Oranjemund,oranjemund,ZA,60.17,-28.55,16.43,91.0,61.0,5.75
1846,-6.6234139502648475,-70.1964408317252,Eirunepe,eirunepe,BR,93.47,-6.66,-69.87,46.0,77.0,3.27
1849,13.634952153749083,43.167521036885375,Zabid,zabid,YE,70.07,14.2,44.5,76.0,93.0,4.94
1850,13.809629141272453,73.48073212166162,Honavar,honavar,IN,84.83,14.28,74.45,75.0,43.0,14.67
1852,58.858166486839025,64.41194047715459,Tabory,tabory,PL,48.43,53.89,19.53,40.0,0.0,6.93
1853,-23.248025533907878,6.775338354104065,Henties Bay,henties%20bay,NA,57.99,-22.12,14.28,91.0,0.0,5.99
1854,22.37303390482795,-87.59165108153498,Panaba,panaba,MX,82.13,21.28,-88.27,67.0,33.0,11.95
1859,-12.097831944077384,43.130128076201714,Moroni,moroni,US,67.87,39.52,-111.59,29.0,0.0,1.01
1862,55.47194325082475,26.10147552572971,Ignalina,ignalina,LT,51.35,55.34,26.16,55.0,99.0,4.61
1865,61.56535704653413,37.792173664228386,Kargopol,kargopol,RU,39.11,61.51,38.95,96.0,100.0,4.9
1883,51.358942465175375,-84.12011766744723,Hearst,hearst,CA,51.17,49.69,-83.67,58.0,0.0,4.63
1888,37.96668040365833,98.95060468861328,Zhangye,zhangye,CN,46.85,38.94,100.46,53.0,39.0,6.06
1891,53.73465178461399,84.96643425516476,Zarinsk,zarinsk,RU,28.31,53.71,84.95,54.0,98.0,4.61
1892,-5.049581519797698,133.30509899453602,Tual,tual,ID,84.11,-5.67,132.75,77.0,67.0,12.64
1898,-17.974012546183275,39.24702697305503,Mocuba,mocuba,MZ,70.25,-16.84,36.99,95.0,5.0,4.36
1905,9.57109695389093,14.429211963210264,Kaele,kaele,CM,101.21,10.11,14.45,9.0,100.0,4.34
1906,0.9792385852258718,12.391651070845597,Makokou,makokou,GA,75.47,0.56,12.85,95.0,100.0,1.19
1907,20.728618002875336,61.977398616237366,Sur,sur,OM,86.63,22.57,59.53,33.0,0.0,7.74
1909,33.70711349500503,95.31764208111122,Along,along,IN,49.19,28.17,94.8,88.0,25.0,4.61
1910,28.88974777123464,-99.02038557257265,Hondo,hondo,US,75.88,29.35,-99.14,25.0,1.0,11.41
1912,-14.269423295739756,30.51777781904846,Nyimba,nyimba,ZM,72.95,-14.56,30.81,76.0,55.0,3.51
1914,3.977382649266943,133.54756801305433,Kloulklubed,kloulklubed,PW,77.0,7.04,134.26,94.0,90.0,10.63
1919,-9.031578633843566,158.94728847263082,Honiara,honiara,SB,75.2,-9.43,159.96,100.0,75.0,5.57
1920,35.869957734602494,35.34348967083875,samandag,samandag,,,,,,,
1941,18.41837136316967,83.71980566898617,Razam,razam,IN,81.95,18.45,83.66,76.0,1.0,5.79
1942,47.38885657725805,52.90267577303797,Dossor,dossor,KZ,45.95,47.52,52.98,33.0,98.0,8.84
1943,-35.22634254177107,-60.07232670515451,Veinticinco de Mayo,veinticinco%20de%20mayo,AR,90.05,-27.38,-54.75,33.0,13.0,3.04
1944,-0.2598581136717826,126.45618419069598,tidore,tidore,,,,,,,
1946,59.76404384402471,31.303220527056567,Naziya,naziya,RU,48.43,59.84,31.59,57.0,100.0,5.7
1947,12.825808624812751,-70.0879893944124,Oranjestad,oranjestad,AW,86.0,12.52,-70.03,66.0,40.0,28.86
1949,17.257719073444733,66.33558605726927,Mangrol,mangrol,IN,84.47,25.33,76.51,28.0,0.0,6.46
1954,19.971174324606295,123.96994128525847,Basco,basco,US,56.97,40.33,-91.2,35.0,1.0,18.34
1955,-29.654418722185326,22.488789891902996,Prieska,prieska,ZA,78.35,-29.67,22.74,9.0,100.0,16.62
1958,-50.418946552783815,177.42256546284716,Dunedin,dunedin,NZ,51.01,-45.87,170.5,94.0,100.0,1.01
1963,12.277764607845256,26.94284511428245,babanusah,babanusah,,,,,,,
1976,-5.199352306288532,-45.78940323864265,Barra do Corda,barra%20do%20corda,BR,83.39,-5.5,-45.25,82.0,96.0,2.15
1977,-37.14588584747539,172.64903865766473,Dargaville,dargaville,NZ,62.33,-35.94,173.86,76.0,0.0,8.41
1983,3.522843269743632,101.40653963970686,Batang Berjuntai,batang%20berjuntai,MY,81.86,3.38,101.42,83.0,75.0,2.24
1985,53.47685850520395,151.43013185216284,Sobolevo,sobolevo,RU,46.49,54.43,31.9,50.0,62.0,3.76
1999,-4.98561387201255,-46.26082018865554,Amarante do Maranhao,amarante%20do%20maranhao,BR,85.01,-5.57,-46.74,80.0,62.0,4.41
2003,18.31366665895908,104.34521106037971,Ban Nahin,ban%20nahin,LA,74.75,18.24,104.21,81.0,0.0,2.01
2005,49.62127932556004,101.88092208055127,Kholtoson,kholtoson,RU,18.41,50.3,103.31,33.0,0.0,3.56
2007,-25.728920169944047,29.117560417554984,Witbank,witbank,ZA,67.91,-25.87,29.23,36.0,3.0,4.74
2009,30.531158054560436,107.24526387322209,daxian,daxian,,,,,,,
2012,-41.4991131110894,-63.589729714963696,Viedma,viedma,AR,66.47,-40.81,-62.99,41.0,0.0,15.9
2019,-10.369176652452197,164.61810827873353,Lata,lata,IN,27.05,30.78,78.62,87.0,95.0,6.93
2023,44.004013412577365,-106.49236990938617,Sheridan,sheridan,US,67.55,39.65,-105.03,27.0,20.0,10.29
2027,-5.508836469898441,35.12634162997068,Manyoni,manyoni,TZ,66.83,-5.75,34.84,78.0,40.0,2.59
2030,15.688580175819865,-101.95230557193509,Petatlan,petatlan,MX,86.0,17.52,-101.27,55.0,5.0,11.41
2034,39.41489096695685,-79.10166957746522,Cumberland,cumberland,US,71.24,41.97,-71.43,73.0,75.0,24.16
2036,22.035893387045235,51.48039906784001,Abu Samrah,abu%20samrah,SY,50.99,35.3,37.18,80.0,97.0,11.74
2044,39.7984154216517,132.737244639557,Vrangel,vrangel,RU,35.51,42.73,133.08,35.0,0.0,3.0
2049,33.60634006575013,59.149441430374026,Birjand,birjand,IR,64.4,32.86,59.22,27.0,0.0,4.7
2055,25.23793240093576,-84.55054065739633,Bahia Honda,bahia%20honda,CU,85.37,22.9,-83.16,64.0,3.0,11.92
2056,51.282493689169996,87.81401899387976,Ulagan,ulagan,RU,22.19,50.63,87.96,76.0,99.0,3.31
2057,-21.820821400919442,35.02392503682961,Beira,beira,ES,61.59,43.2,-8.36,67.0,0.0,6.93
2058,-33.63077442546439,-73.0245575566591,San Antonio,san%20antonio,CL,58.35,-33.58,-71.61,67.0,75.0,6.93
2059,-31.564345342662577,141.28330327383566,Broken Hill,broken%20hill,AU,68.0,-31.97,141.45,32.0,31.0,8.05
2060,57.99882301729258,125.97209399236118,Lebedinyy,lebedinyy,RU,20.93,58.52,125.52,83.0,100.0,9.86
2063,-29.768483026704025,177.32447580708384,Russell,russell,AR,77.0,-33.01,-68.8,50.0,40.0,2.24
2066,36.31508795254932,-6.701435884996783,Rota,rota,ES,60.22,36.62,-6.36,67.0,20.0,5.82
2072,56.662142261133084,-126.14661445138752,Smithers,smithers,CA,42.8,54.78,-127.17,56.0,75.0,4.7
2073,48.85442501772647,-76.48394210400467,Senneterre,senneterre,CA,37.4,48.39,-77.24,82.0,90.0,10.29
2074,20.69749348179947,84.64415284253295,Athmallik,athmallik,IN,82.31,20.72,84.53,59.0,6.0,8.01
2078,-39.15856009743043,-72.89453600410195,Pitrufquen,pitrufquen,CL,66.18,-38.98,-72.65,68.0,20.0,4.7
2079,-11.326835430584197,-77.65857092485672,Huacho,huacho,PE,68.81,-11.11,-77.61,90.0,97.0,8.79
2081,55.90382089441454,16.689208517793418,Kalmar,kalmar,SE,50.0,56.66,16.36,46.0,0.0,3.36
2084,49.096885403373705,41.03748912947839,Kashary,kashary,RU,41.63,49.04,41.01,52.0,100.0,6.24
2085,41.40863461744641,-10.91873926197411,Areosa,areosa,PT,66.88,41.72,-8.86,68.0,20.0,8.05
2100,-34.35105052283398,36.45051212134001,Port Shepstone,port%20shepstone,ZA,66.83,-30.74,30.45,93.0,0.0,6.24
2115,9.276175658551637,-61.9186098578854,Tucupita,tucupita,VE,95.45,9.06,-62.05,38.0,55.0,10.69
2118,52.63864320399733,16.31522506150057,Wronki,wronki,PL,59.86,52.71,16.37,44.0,0.0,4.7
2120,33.22542648315647,100.93533297083974,Linxia,linxia,CN,45.77,35.6,103.21,65.0,100.0,2.98
2123,37.73101937601156,63.02727183149739,Murgab,murgab,TM,57.2,37.5,61.97,82.0,40.0,16.11
2124,64.29110331490097,48.40650561862074,Usogorsk,usogorsk,RU,32.63,63.43,48.71,91.0,100.0,2.93
2131,25.963824430002305,73.19471737794026,Pali,pali,IN,86.63,25.77,73.33,24.0,0.0,4.94
2139,59.87324060477994,-124.02870285931166,Fort Nelson,fort%20nelson,CA,53.6,58.81,-122.69,23.0,40.0,21.92
2141,-34.65551604662692,159.59901236984734,Port Macquarie,port%20macquarie,AU,63.79,-31.43,152.91,100.0,75.0,1.12
2143,-17.415264447395643,123.75309869261815,Broome,broome,GB,57.85,52.47,1.45,71.0,0.0,5.82
2152,5.225931924774883,24.103868056286643,Rafai,rafai,CF,74.03,4.95,23.92,79.0,94.0,2.51
2156,43.77442164339175,-91.24490809382617,La Crosse,la%20crosse,US,59.52,43.8,-91.24,35.0,1.0,8.05
2157,33.12365505586051,51.836085823240126,Esfahan,esfahan,IR,60.8,32.66,51.68,31.0,0.0,11.41
2158,41.153731097139456,103.89004834272549,Shitanjing,shitanjing,CN,55.0,39.23,106.34,50.0,99.0,18.05
2161,1.7755067660826143,-30.57268410849693,Touros,touros,BR,87.8,-5.2,-35.46,66.0,40.0,12.75
2164,-12.043395691905303,124.77069069706681,Kupang,kupang,ID,81.77,-10.16,123.6,74.0,23.0,12.86
2165,60.596641936949084,153.31852337131073,Talaya,talaya,RU,24.8,55.79,84.89,73.0,0.0,6.71
2171,-25.98764775449986,21.20077696081097,bokspits,bokspits,,,,,,,
2175,58.23941690044734,176.55234660246907,Beringovskiy,beringovskiy,RU,17.69,63.05,179.32,85.0,0.0,7.65
2181,-38.37482923851012,147.09933090699343,Sale,sale,GB,65.07,53.42,-2.32,40.0,26.0,2.24
2184,-9.33424877014454,115.393884484372,Denpasar,denpasar,ID,78.8,-8.65,115.22,94.0,40.0,14.99
2186,-4.501118872987249,169.31277215672617,utiroa,utiroa,,,,,,,
2188,49.49684083600164,53.243923725189546,Aksay,aksay,RU,41.0,47.27,39.86,44.0,0.0,13.42
2192,46.10497325732902,128.11112961049423,Bayan,bayan,MN,25.79,47.25,107.54,49.0,0.0,7.09
2194,66.23821679058426,130.6202678516243,Batagay-Alyta,batagay-alyta,RU,-1.76,67.8,130.41,99.0,92.0,2.77
2198,12.904563518620307,123.10698637558585,Claveria,claveria,PH,75.99,8.61,124.89,90.0,19.0,4.0
2200,57.82218607163543,159.94897020349924,Tigil,tigil,RU,31.19,57.8,158.67,87.0,89.0,2.26
2215,-5.178692753524373,-36.34000726526733,Macau,macau,BR,85.91,-5.11,-36.64,67.0,91.0,14.5
2216,47.767343358645235,43.154704476592,Kotelnikovo,kotelnikovo,RU,42.89,47.63,43.14,51.0,88.0,8.9
2220,44.453124005443215,98.38808942660955,Hovd,hovd,NO,53.26,63.83,10.7,38.0,0.0,3.36
2221,-0.6060956368414736,168.5491248124884,tabiauea,tabiauea,,,,,,,
2223,32.96150872451375,8.009292819533044,naftah,naftah,,,,,,,
2227,44.91441531763323,137.2357666355992,Terney,terney,RU,30.11,45.05,136.61,54.0,14.0,5.35
2233,35.25043520547146,-78.90215064513848,Fayetteville,fayetteville,US,58.91,36.06,-94.16,41.0,40.0,20.8
2234,55.62241901194827,22.047823343911517,Rietavas,rietavas,LT,42.8,55.72,21.93,81.0,0.0,2.24
2237,56.78666604854865,134.60742538384983,Chumikan,chumikan,RU,13.19,54.72,135.31,87.0,39.0,6.76
2245,9.349482210040634,44.8911123737916,odweyne,odweyne,,,,,,,
2250,58.673037069614,93.1252218416771,Strelka,strelka,RU,23.45,58.08,93.03,87.0,61.0,7.27
2256,24.824503448589738,30.082275362435723,Sohag,sohag,EG,75.2,26.55,31.7,25.0,0.0,11.41
2260,38.03977821636056,15.015869054914162,Patti,patti,IT,58.6,38.14,14.96,77.0,20.0,8.05
2263,51.16150545923628,133.32111162298276,Chegdomyn,chegdomyn,RU,18.05,51.13,133.04,91.0,0.0,2.15
2274,34.539880880476034,-6.544467856408204,Kenitra,kenitra,MA,61.52,34.26,-6.57,72.0,75.0,6.93
2286,24.152830653555526,-95.00536223876452,Matamoros,matamoros,US,82.0,25.87,-97.51,23.0,40.0,5.82
2289,-25.253134710641447,42.49865341040035,toliary,toliary,,,,,,,
2290,27.80661198887421,-98.08292295983435,Alice,alice,US,79.32,27.75,-98.07,30.0,1.0,5.82
2293,20.314870392212725,64.57887879511892,Keti Bandar,keti%20bandar,PK,78.89,24.14,67.45,76.0,0.0,12.97
2304,11.039312848669368,-3.913667843103184,bobo dioulasso,bobo%20dioulasso,,,,,,,
2313,59.89654403525435,5.621540979118748,vage,vage,,,,,,,
2315,-10.266708251062667,-29.573054471029252,Tamandare,tamandare,BR,93.47,-8.28,-70.75,45.0,53.0,3.87
2318,63.778437678722185,121.99529166466573,Vilyuysk,vilyuysk,RU,22.73,63.75,121.63,80.0,99.0,13.6
2319,-20.422703018024464,19.045561751762307,Grootfontein,grootfontein,NA,71.33,-19.56,18.1,26.0,0.0,8.84
2320,63.906977652607,-54.57196523972398,Maniitsoq,maniitsoq,GL,21.47,65.42,-52.9,42.0,0.0,3.0
2327,-16.576438989739017,154.3643842292919,Mackay,mackay,CA,45.48,53.65,-115.58,45.0,40.0,18.34
2328,54.021820800488825,67.11557935655884,Sergeyevka,sergeyevka,KZ,31.91,53.88,67.42,52.0,100.0,3.58
2329,51.34870190041096,5.231293156256044,Bladel,bladel,NL,67.48,51.37,5.22,30.0,0.0,8.05
2335,-8.248238988872487,142.08838129400505,Morehead,morehead,US,52.41,38.18,-83.43,93.0,90.0,5.82
2350,-2.527922625150609,-53.22655273840286,Prainha,prainha,BR,92.39,-1.8,-53.48,51.0,80.0,6.2
2354,50.01904727310617,-119.23103740404324,Vernon,vernon,CA,55.15,50.27,-119.27,82.0,75.0,2.24
2358,12.53778332468697,0.13100343099162615,Gayeri,gayeri,BF,100.85,12.65,0.49,25.0,95.0,9.95
2359,5.6898268487450565,-110.54809328418122,Coahuayana,coahuayana,MX,99.59,18.62,-100.35,18.0,56.0,4.7
2364,49.808355812058494,7.229804612873892,Morbach,morbach,DE,63.61,49.52,10.62,32.0,0.0,6.93
2373,52.98849446811383,-91.1900638064644,Sioux Lookout,sioux%20lookout,CA,57.2,50.1,-91.92,33.0,40.0,8.05
2377,72.00955750238302,21.76276415374531,Oksfjord,oksfjord,NO,41.97,70.24,22.35,80.0,75.0,16.11
2381,52.91926578974713,54.58344175605646,Sharlyk,sharlyk,RU,37.31,52.93,54.74,45.0,0.0,5.88
2386,-16.754527133497234,48.529650854864514,Andilamena,andilamena,MG,67.91,-17.01,48.57,90.0,56.0,8.1
2387,-41.52345590181311,40.31686451666809,Margate,margate,AU,42.91,-43.03,147.26,93.0,0.0,5.82
2388,8.813568007830227,32.430301566827865,malakal,malakal,,,,,,,
2389,43.2193988080507,118.92429667550562,Chifeng,chifeng,CN,47.03,42.27,118.96,42.0,100.0,12.26
2393,-19.69546637721274,-39.78929147338761,Linhares,linhares,BR,86.99,-19.38,-40.06,58.0,6.0,4.83
2397,36.9507915420062,-10.242567489585838,Aljezur,aljezur,PT,57.13,37.31,-8.8,89.0,96.0,1.99
2398,15.923971854885252,133.01134573517993,San Policarpo,san%20policarpo,PH,80.33,12.18,125.51,76.0,27.0,3.09
2410,32.953994564152126,-153.3551849706806,Ahuimanu,ahuimanu,US,76.08,21.44,-157.84,78.0,75.0,6.93
2415,29.050648293355906,-121.13432373990042,Rosarito,rosarito,CO,75.0,4.91,-75.23,100.0,40.0,4.7
2416,9.448418089015547,-92.62894383560014,San Jose,san%20jose,PH,80.33,15.79,120.99,82.0,3.0,2.77
2417,43.4655075671925,74.52563670036903,Georgiyevka,georgiyevka,RU,45.41,52.25,40.45,35.0,1.0,2.46
2418,68.84301399261622,3.138882885067517,Roald,roald,NO,49.86,62.58,6.12,53.0,0.0,2.24
2427,-19.901847476666887,149.34459521046483,Bowen,bowen,AU,69.33,-20.01,148.25,93.0,40.0,5.82
2430,65.10949766088049,-18.699212327271,Akureyri,akureyri,IS,55.4,65.68,-18.09,50.0,75.0,19.46
2435,64.931941987384,113.69060147328969,Udachnyy,udachnyy,RU,19.4,66.42,112.4,44.0,0.0,8.95
2439,22.344666403214973,141.21375393144274,Shimoda,shimoda,JP,54.99,34.7,138.93,67.0,52.0,7.58
2442,2.601369574236813,-22.532437942334695,Goderich,goderich,CA,38.88,43.74,-81.71,90.0,100.0,10.0
2445,6.122084341934695,127.07227703383239,Pundaguitan,pundaguitan,PH,81.95,6.37,126.17,74.0,39.0,4.36
2446,3.9965689053059776,75.73833192633748,Male,male,UA,46.49,50.74,33.7,55.0,91.0,5.14
2450,65.61914431378116,21.230571304427798,Pitea,pitea,SE,43.99,65.32,21.48,87.0,90.0,5.64
2464,61.16762181590991,51.04737013990501,Verkhnyaya Maksakovka,verkhnyaya%20maksakovka,RU,36.66,61.63,50.97,69.0,75.0,4.47
2466,39.09212516017476,68.22978620371484,Ayni,ayni,TJ,40.91,39.39,68.54,71.0,87.0,10.58
2471,57.50652347014022,-75.79871857944524,Chapais,chapais,CA,39.2,49.78,-74.86,81.0,90.0,8.05
2475,59.67736777472368,151.93495214695042,Ola,ola,RU,30.83,59.58,151.3,90.0,99.0,4.29
2478,-8.54984873723636,-76.21747796552052,Uchiza,uchiza,PE,100.31,-8.46,-76.46,19.0,99.0,1.95
2480,26.301487347066157,94.8876241185572,Tuensang,tuensang,IN,67.73,26.24,94.81,67.0,52.0,2.64
2484,9.511189803494773,-55.63219928518966,Nieuw Amsterdam,nieuw%20amsterdam,SR,86.0,5.88,-55.08,74.0,68.0,8.01
2490,32.21204365594967,31.877897151853034,Damietta,damietta,EG,64.4,31.42,31.81,63.0,0.0,17.22
